taxon,A-1,A-2,A-3,B-1,B-2,B-3,C-1,C-2,C-3,D-1,D-2,D-3,E-1,E-2,E-3,F-1,F-2,F-3,G-1,G-2,G-3,H-1,H-2,H-3,I-1,I-2,I-3,J-1,J-2,J-3,K-1,K-2,K-3,L-1,L-2,L-3,M-1,M-2,M-3,N-1,N-2,N-3
Acetitomaculum,9.0,0.0,0.0,0.0,0.0,0.0,0.0,0.0,0.0,0.0,0.0,0.0,0.0,0.0,3.0,3.0,0.0,0.0,0.0,0.0,0.0,0.0,4.0,0.0,0.0,4.0,4.0,6.0,0.0,3.0,0.0,0.0,0.0,0.0,0.0,0.0,4.0,0.0,0.0,4.0,0.0,0.0
Acetobacterium,0.0,0.0,0.0,10.0,0.0,5.0,0.0,11.0,5.0,0.0,0.0,0.0,0.0,10.0,0.0,7.0,0.0,0.0,6.0,0.0,0.0,0.0,9.0,0.0,0.0,0.0,4.0,0.0,0.0,0.0,5.0,0.0,0.0,6.0,0.0,0.0,0.0,0.0,0.0,6.0,0.0,7.0
Acholeplasma,1028.0,868.0,562.0,2293.0,1915.0,1761.0,3021.0,2669.0,2199.0,692.0,660.0,622.0,2150.0,1938.0,1805.0,392.0,350.0,196.0,332.0,264.0,142.0,112.0,81.0,68.0,223.0,151.0,186.0,233.0,185.0,191.0,142.0,152.0,196.0,237.0,155.0,144.0,943.0,791.0,851.0,302.0,276.0,272.0
Acidaminococcus,16.0,12.0,5.0,5.0,4.0,0.0,0.0,0.0,0.0,0.0,0.0,0.0,0.0,5.0,0.0,19.0,13.0,15.0,21.0,16.0,4.0,6.0,6.0,10.0,8.0,3.0,5.0,7.0,10.0,16.0,11.0,12.0,10.0,14.0,19.0,13.0,14.0,16.0,6.0,0.0,6.0,9.0
Acinetobacter,13.0,0.0,9.0,0.0,0.0,0.0,5.0,0.0,0.0,0.0,0.0,0.0,0.0,0.0,0.0,16.0,11.0,14.0,10.0,0.0,0.0,0.0,0.0,7.0,0.0,0.0,3.0,3.0,0.0,0.0,4.0,0.0,0.0,3.0,0.0,0.0,8.0,0.0,0.0,0.0,0.0,0.0
Actinomyces,0.0,0.0,0.0,0.0,0.0,0.0,0.0,0.0,0.0,0.0,0.0,0.0,32.0,14.0,16.0,0.0,0.0,0.0,0.0,0.0,0.0,0.0,0.0,0.0,0.0,0.0,0.0,0.0,0.0,0.0,0.0,0.0,0.0,0.0,0.0,0.0,0.0,0.0,0.0,0.0,0.0,0.0
Advenella,6.0,0.0,4.0,8.0,0.0,0.0,5.0,3.0,4.0,13.0,0.0,9.0,4.0,0.0,0.0,7.0,6.0,7.0,8.0,15.0,9.0,10.0,3.0,11.0,4.0,9.0,11.0,13.0,0.0,17.0,9.0,0.0,12.0,9.0,0.0,7.0,8.0,11.0,14.0,10.0,9.0,9.0
Aequorivita,0.0,0.0,5.0,4.0,6.0,0.0,0.0,4.0,3.0,14.0,5.0,10.0,0.0,0.0,3.0,6.0,9.0,4.0,3.0,10.0,6.0,5.0,8.0,6.0,7.0,0.0,4.0,0.0,9.0,9.0,0.0,4.0,6.0,7.0,5.0,3.0,4.0,7.0,4.0,0.0,3.0,7.0
Aerococcus,173.0,116.0,74.0,0.0,31.0,0.0,0.0,19.0,20.0,8.0,0.0,9.0,20.0,49.0,0.0,349.0,292.0,151.0,287.0,301.0,136.0,296.0,265.0,154.0,243.0,235.0,242.0,343.0,267.0,264.0,276.0,179.0,235.0,259.0,176.0,176.0,277.0,210.0,239.0,283.0,268.0,286.0
Aerosphaera,0.0,0.0,0.0,0.0,0.0,0.0,0.0,0.0,0.0,0.0,0.0,0.0,0.0,0.0,0.0,12.0,0.0,0.0,15.0,0.0,0.0,0.0,0.0,0.0,0.0,0.0,0.0,0.0,0.0,0.0,0.0,0.0,0.0,0.0,0.0,0.0,0.0,0.0,0.0,0.0,0.0,0.0
Agathobacter,35.0,0.0,20.0,25.0,0.0,0.0,0.0,14.0,0.0,14.0,7.0,30.0,0.0,0.0,0.0,31.0,27.0,21.0,40.0,8.0,0.0,53.0,41.0,0.0,17.0,28.0,25.0,49.0,38.0,7.0,28.0,23.0,24.0,20.0,25.0,38.0,26.0,0.0,0.0,32.0,0.0,10.0
Akkermansia,3.0,6.0,13.0,0.0,0.0,0.0,0.0,0.0,0.0,0.0,0.0,2.0,0.0,0.0,0.0,5.0,14.0,23.0,8.0,9.0,15.0,5.0,0.0,5.0,7.0,4.0,8.0,5.0,8.0,9.0,0.0,0.0,3.0,0.0,7.0,0.0,4.0,0.0,0.0,0.0,4.0,5.0
Alkalibaculum,7.0,4.0,7.0,0.0,4.0,0.0,10.0,2.0,0.0,0.0,0.0,0.0,5.0,6.0,2.0,24.0,13.0,6.0,8.0,0.0,0.0,0.0,0.0,0.0,0.0,0.0,0.0,0.0,0.0,0.0,0.0,0.0,0.0,0.0,0.0,0.0,0.0,0.0,0.0,0.0,0.0,3.0
Alkaliflexus,20.0,13.0,15.0,7.0,7.0,0.0,0.0,0.0,0.0,6.0,7.0,9.0,0.0,0.0,0.0,0.0,4.0,0.0,0.0,6.0,0.0,0.0,0.0,0.0,0.0,0.0,0.0,0.0,0.0,0.0,0.0,0.0,4.0,0.0,0.0,0.0,7.0,5.0,7.0,0.0,0.0,4.0
Alkaliphilus,0.0,0.0,0.0,518.0,369.0,331.0,1005.0,781.0,569.0,0.0,0.0,0.0,672.0,493.0,415.0,0.0,0.0,8.0,0.0,0.0,0.0,0.0,0.0,0.0,6.0,4.0,0.0,0.0,13.0,8.0,4.0,14.0,7.0,0.0,7.0,0.0,6.0,8.0,9.0,0.0,3.0,8.0
Alloprevotella,65.0,75.0,95.0,3.0,9.0,18.0,0.0,5.0,12.0,16.0,12.0,44.0,0.0,3.0,0.0,17.0,38.0,25.0,28.0,29.0,37.0,62.0,90.0,121.0,77.0,101.0,173.0,82.0,104.0,131.0,51.0,84.0,129.0,72.0,67.0,144.0,114.0,121.0,156.0,39.0,76.0,95.0
Allorhizobium-Neorhizobium-Pararhizobium-Rhizobium,0.0,7.0,0.0,0.0,0.0,0.0,0.0,7.0,0.0,0.0,4.0,0.0,0.0,0.0,0.0,0.0,0.0,0.0,0.0,0.0,0.0,0.0,0.0,0.0,0.0,0.0,0.0,0.0,0.0,0.0,0.0,0.0,0.0,0.0,0.0,0.0,0.0,0.0,0.0,0.0,0.0,0.0
Aminobacterium,114.0,73.0,52.0,60.0,65.0,31.0,52.0,27.0,30.0,65.0,36.0,60.0,33.0,34.0,31.0,65.0,47.0,29.0,64.0,42.0,33.0,62.0,64.0,34.0,92.0,63.0,74.0,103.0,78.0,56.0,56.0,33.0,48.0,79.0,60.0,69.0,86.0,69.0,66.0,60.0,52.0,61.0
Anaerocella,29.0,33.0,36.0,25.0,10.0,19.0,38.0,39.0,58.0,16.0,11.0,29.0,37.0,26.0,40.0,33.0,16.0,18.0,22.0,27.0,5.0,18.0,13.0,20.0,15.0,22.0,17.0,9.0,16.0,20.0,14.0,16.0,12.0,12.0,13.0,10.0,21.0,33.0,26.0,14.0,8.0,13.0
Anaerococcus,395.0,328.0,263.0,1951.0,1666.0,1555.0,778.0,616.0,603.0,1219.0,1224.0,1116.0,145.0,125.0,113.0,875.0,777.0,519.0,835.0,864.0,387.0,817.0,780.0,541.0,986.0,782.0,994.0,1078.0,917.0,994.0,882.0,699.0,931.0,818.0,726.0,882.0,724.0,651.0,697.0,798.0,727.0,920.0
Anaerofustis,0.0,0.0,0.0,0.0,0.0,0.0,0.0,0.0,0.0,0.0,0.0,2.0,0.0,0.0,0.0,9.0,0.0,0.0,0.0,0.0,0.0,0.0,6.0,0.0,0.0,0.0,0.0,4.0,0.0,0.0,2.0,0.0,0.0,0.0,0.0,0.0,0.0,0.0,0.0,0.0,0.0,0.0
Anaeroplasma,27.0,19.0,12.0,11.0,16.0,8.0,5.0,6.0,3.0,27.0,34.0,24.0,6.0,3.0,3.0,16.0,16.0,9.0,10.0,2.0,7.0,4.0,4.0,0.0,0.0,0.0,7.0,5.0,2.0,0.0,4.0,5.0,3.0,3.0,7.0,3.0,28.0,18.0,18.0,9.0,7.0,3.0
Anaerosalibacter,508.0,363.0,197.0,112.0,103.0,61.0,227.0,176.0,126.0,0.0,0.0,0.0,217.0,234.0,129.0,405.0,305.0,141.0,165.0,151.0,43.0,0.0,0.0,5.0,0.0,0.0,0.0,0.0,0.0,0.0,0.0,0.0,0.0,0.0,0.0,0.0,0.0,0.0,0.0,0.0,12.0,9.0
Anaerosphaera,36.0,13.0,17.0,24.0,29.0,19.0,37.0,39.0,21.0,21.0,3.0,16.0,81.0,70.0,70.0,32.0,12.0,11.0,23.0,18.0,5.0,12.0,26.0,7.0,20.0,18.0,7.0,9.0,17.0,9.0,25.0,10.0,19.0,19.0,12.0,12.0,14.0,11.0,13.0,14.0,9.0,16.0
Anaerosporobacter,0.0,0.0,0.0,0.0,6.0,0.0,0.0,0.0,5.0,0.0,0.0,0.0,154.0,99.0,105.0,4.0,0.0,0.0,9.0,6.0,0.0,12.0,0.0,0.0,0.0,0.0,0.0,10.0,5.0,13.0,9.0,5.0,10.0,8.0,19.0,12.0,6.0,9.0,7.0,14.0,0.0,11.0
Anaerotruncus,0.0,0.0,0.0,5.0,0.0,0.0,0.0,0.0,0.0,6.0,3.0,4.0,0.0,0.0,0.0,0.0,0.0,0.0,0.0,0.0,0.0,0.0,0.0,0.0,0.0,0.0,0.0,0.0,0.0,0.0,0.0,0.0,0.0,0.0,0.0,0.0,0.0,0.0,0.0,0.0,0.0,0.0
Anaerovibrio,0.0,0.0,4.0,0.0,0.0,0.0,0.0,0.0,0.0,0.0,0.0,0.0,0.0,0.0,0.0,0.0,0.0,0.0,0.0,0.0,0.0,0.0,0.0,0.0,0.0,0.0,0.0,0.0,0.0,2.0,0.0,0.0,0.0,0.0,0.0,0.0,5.0,0.0,0.0,0.0,0.0,0.0
Anaerovorax,0.0,0.0,0.0,15.0,4.0,4.0,13.0,0.0,11.0,0.0,0.0,0.0,18.0,23.0,14.0,0.0,0.0,0.0,0.0,4.0,0.0,0.0,0.0,0.0,0.0,0.0,3.0,0.0,0.0,0.0,3.0,0.0,0.0,0.0,0.0,0.0,3.0,0.0,0.0,0.0,0.0,0.0
Asteroleplasma,13.0,26.0,16.0,5.0,13.0,18.0,2.0,8.0,8.0,16.0,31.0,17.0,4.0,7.0,5.0,3.0,8.0,7.0,0.0,2.0,2.0,8.0,11.0,12.0,3.0,12.0,3.0,2.0,4.0,11.0,2.0,0.0,8.0,0.0,3.0,15.0,15.0,26.0,22.0,0.0,11.0,11.0
Atopostipes,295.0,252.0,174.0,396.0,292.0,282.0,787.0,638.0,555.0,9.0,0.0,0.0,341.0,338.0,326.0,302.0,311.0,176.0,253.0,208.0,110.0,65.0,51.0,31.0,50.0,55.0,20.0,63.0,49.0,55.0,83.0,76.0,50.0,64.0,49.0,65.0,48.0,39.0,45.0,60.0,36.0,46.0
Bacillus,0.0,0.0,0.0,68.0,56.0,33.0,75.0,70.0,57.0,0.0,0.0,0.0,126.0,115.0,85.0,5.0,19.0,4.0,6.0,15.0,3.0,0.0,0.0,0.0,0.0,0.0,0.0,0.0,0.0,0.0,0.0,0.0,0.0,0.0,0.0,0.0,0.0,4.0,0.0,0.0,0.0,0.0
Bacteroidales_RF16_group,49.0,70.0,58.0,34.0,19.0,30.0,0.0,9.0,12.0,36.0,9.0,52.0,6.0,0.0,0.0,40.0,19.0,33.0,18.0,12.0,12.0,27.0,19.0,7.0,0.0,4.0,22.0,7.0,0.0,30.0,32.0,11.0,34.0,40.0,46.0,43.0,75.0,77.0,83.0,22.0,25.0,43.0
Bacteroidales_UCG-001,192.0,228.0,176.0,41.0,42.0,64.0,24.0,30.0,35.0,63.0,47.0,83.0,28.0,32.0,45.0,63.0,66.0,55.0,27.0,24.0,34.0,20.0,23.0,20.0,14.0,21.0,35.0,19.0,22.0,23.0,17.0,21.0,25.0,20.0,39.0,35.0,62.0,81.0,92.0,21.0,29.0,26.0
Bacteroides,539.0,450.0,530.0,278.0,426.0,485.0,146.0,177.0,200.0,149.0,153.0,220.0,90.0,87.0,152.0,309.0,290.0,242.0,410.0,447.0,333.0,474.0,553.0,632.0,568.0,662.0,673.0,561.0,610.0,727.0,530.0,488.0,688.0,494.0,513.0,624.0,631.0,626.0,655.0,417.0,469.0,571.0
Bifidobacteriaceae,0.0,0.0,0.0,7.0,10.0,16.0,2.0,3.0,0.0,61.0,56.0,57.0,0.0,0.0,0.0,0.0,0.0,0.0,0.0,0.0,0.0,0.0,0.0,0.0,0.0,0.0,0.0,0.0,0.0,0.0,0.0,0.0,0.0,0.0,0.0,0.0,0.0,0.0,0.0,0.0,0.0,0.0
Bifidobacterium,44.0,27.0,30.0,36.0,26.0,28.0,38.0,29.0,33.0,23.0,39.0,35.0,14.0,19.0,16.0,64.0,53.0,48.0,96.0,97.0,45.0,144.0,127.0,93.0,96.0,110.0,112.0,124.0,108.0,116.0,142.0,103.0,101.0,127.0,128.0,106.0,101.0,127.0,115.0,153.0,144.0,114.0
Blautia,46.0,37.0,33.0,24.0,0.0,0.0,15.0,0.0,7.0,8.0,0.0,15.0,9.0,13.0,0.0,42.0,7.0,6.0,44.0,42.0,21.0,82.0,43.0,38.0,54.0,18.0,45.0,60.0,42.0,41.0,73.0,40.0,65.0,62.0,44.0,59.0,71.0,50.0,51.0,68.0,53.0,56.0
Blvii28_wastewater-sludge_group,0.0,0.0,2.0,6.0,14.0,9.0,23.0,22.0,20.0,0.0,0.0,0.0,0.0,0.0,8.0,0.0,0.0,0.0,0.0,0.0,0.0,3.0,5.0,0.0,0.0,0.0,0.0,0.0,0.0,0.0,0.0,0.0,0.0,0.0,0.0,0.0,0.0,5.0,3.0,0.0,0.0,0.0
Brachymonas,0.0,5.0,0.0,0.0,0.0,0.0,0.0,0.0,3.0,0.0,0.0,5.0,0.0,0.0,0.0,0.0,0.0,6.0,0.0,0.0,4.0,9.0,10.0,5.0,6.0,0.0,0.0,7.0,7.0,6.0,0.0,6.0,0.0,8.0,0.0,0.0,0.0,0.0,8.0,0.0,7.0,0.0
Bradymonadales,42.0,42.0,46.0,0.0,0.0,0.0,0.0,0.0,0.0,0.0,0.0,0.0,0.0,0.0,0.0,0.0,0.0,0.0,0.0,0.0,0.0,0.0,0.0,0.0,0.0,0.0,0.0,0.0,0.0,0.0,0.0,0.0,0.0,0.0,0.0,0.0,0.0,8.0,7.0,0.0,0.0,0.0
Brevibacterium,0.0,0.0,0.0,0.0,0.0,0.0,0.0,0.0,0.0,0.0,0.0,0.0,0.0,4.0,3.0,0.0,6.0,0.0,12.0,8.0,4.0,0.0,0.0,9.0,0.0,0.0,3.0,9.0,12.0,0.0,0.0,0.0,4.0,6.0,0.0,5.0,0.0,7.0,0.0,0.0,0.0,4.0
Butyricicoccus,5.0,3.0,0.0,0.0,0.0,0.0,0.0,0.0,0.0,0.0,0.0,0.0,0.0,0.0,0.0,0.0,0.0,0.0,5.0,0.0,0.0,0.0,0.0,0.0,0.0,3.0,0.0,0.0,0.0,0.0,0.0,0.0,0.0,0.0,0.0,0.0,0.0,0.0,0.0,0.0,0.0,0.0
Butyrivibrio,13.0,8.0,0.0,0.0,0.0,0.0,0.0,0.0,0.0,4.0,0.0,0.0,0.0,0.0,0.0,0.0,8.0,4.0,10.0,3.0,3.0,0.0,0.0,0.0,0.0,0.0,0.0,0.0,0.0,6.0,0.0,5.0,0.0,4.0,0.0,0.0,0.0,0.0,0.0,7.0,0.0,0.0
CAG-873,47.0,37.0,40.0,13.0,21.0,23.0,8.0,10.0,12.0,26.0,20.0,27.0,6.0,4.0,5.0,3.0,10.0,7.0,10.0,7.0,6.0,26.0,30.0,31.0,18.0,35.0,20.0,18.0,36.0,35.0,23.0,18.0,29.0,28.0,26.0,37.0,39.0,31.0,44.0,20.0,12.0,30.0
Caldicoprobacter,33.0,25.0,16.0,38.0,17.0,11.0,65.0,45.0,50.0,0.0,0.0,0.0,43.0,45.0,18.0,46.0,27.0,10.0,23.0,4.0,11.0,0.0,0.0,0.0,0.0,0.0,0.0,0.0,0.0,0.0,2.0,3.0,0.0,3.0,0.0,0.0,11.0,0.0,6.0,4.0,0.0,0.0
Campylobacter,91.0,55.0,66.0,17.0,29.0,27.0,2.0,9.0,6.0,29.0,49.0,53.0,0.0,5.0,7.0,13.0,17.0,14.0,9.0,10.0,7.0,19.0,25.0,23.0,19.0,26.0,22.0,9.0,17.0,12.0,18.0,21.0,20.0,18.0,28.0,26.0,68.0,48.0,70.0,29.0,24.0,43.0
Candidatus_Cloacimonas,98.0,116.0,161.0,13.0,17.0,25.0,8.0,8.0,23.0,15.0,36.0,31.0,0.0,9.0,8.0,39.0,29.0,24.0,13.0,18.0,23.0,35.0,28.0,53.0,14.0,20.0,35.0,9.0,14.0,17.0,24.0,31.0,43.0,22.0,30.0,40.0,80.0,92.0,88.0,28.0,31.0,38.0
Candidatus_Hepatoplasma,0.0,0.0,4.0,0.0,0.0,0.0,0.0,0.0,0.0,0.0,0.0,0.0,0.0,0.0,0.0,0.0,0.0,0.0,0.0,0.0,0.0,0.0,0.0,0.0,0.0,6.0,5.0,0.0,0.0,0.0,0.0,0.0,0.0,0.0,0.0,0.0,0.0,0.0,0.0,0.0,0.0,0.0
Candidatus_Methanomethylophilus,4.0,9.0,25.0,0.0,3.0,9.0,0.0,5.0,4.0,4.0,4.0,11.0,0.0,0.0,0.0,0.0,0.0,6.0,0.0,0.0,4.0,0.0,0.0,0.0,0.0,0.0,0.0,0.0,0.0,0.0,0.0,0.0,0.0,0.0,0.0,0.0,0.0,0.0,0.0,0.0,0.0,0.0
Candidatus_Methanoplasma,391.0,445.0,1579.0,110.0,130.0,584.0,90.0,129.0,488.0,268.0,367.0,1124.0,42.0,34.0,168.0,61.0,70.0,397.0,17.0,42.0,231.0,4.0,13.0,99.0,27.0,56.0,143.0,16.0,26.0,103.0,6.0,10.0,63.0,2.0,6.0,39.0,142.0,214.0,505.0,13.0,32.0,42.0
Candidatus_Saccharimonas,10.0,17.0,14.0,5.0,13.0,23.0,14.0,11.0,16.0,6.0,15.0,23.0,3.0,0.0,4.0,30.0,24.0,13.0,29.0,27.0,25.0,30.0,12.0,22.0,22.0,40.0,32.0,20.0,30.0,44.0,23.0,31.0,44.0,19.0,34.0,32.0,24.0,33.0,28.0,32.0,39.0,17.0
Candidatus_Soleaferrea,14.0,10.0,15.0,6.0,10.0,4.0,5.0,3.0,6.0,4.0,0.0,0.0,49.0,35.0,56.0,0.0,0.0,0.0,0.0,0.0,0.0,0.0,0.0,0.0,0.0,0.0,0.0,0.0,0.0,0.0,0.0,0.0,0.0,0.0,0.0,0.0,0.0,0.0,0.0,0.0,0.0,0.0
Caproiciproducens,3.0,0.0,0.0,54.0,72.0,50.0,29.0,26.0,18.0,1051.0,1026.0,940.0,0.0,0.0,0.0,0.0,0.0,6.0,3.0,0.0,0.0,0.0,0.0,0.0,0.0,0.0,0.0,2.0,0.0,0.0,0.0,0.0,0.0,0.0,13.0,9.0,0.0,0.0,0.0,0.0,0.0,0.0
Catenibacterium,63.0,49.0,30.0,29.0,30.0,18.0,21.0,17.0,11.0,27.0,31.0,28.0,8.0,17.0,5.0,71.0,60.0,25.0,76.0,69.0,24.0,103.0,86.0,29.0,75.0,41.0,36.0,74.0,75.0,47.0,108.0,72.0,54.0,97.0,44.0,50.0,95.0,68.0,56.0,83.0,74.0,77.0
Catenisphaera,44.0,40.0,31.0,31.0,16.0,23.0,23.0,28.0,35.0,31.0,15.0,28.0,11.0,14.0,20.0,30.0,33.0,28.0,36.0,33.0,11.0,41.0,69.0,31.0,42.0,32.0,39.0,34.0,33.0,37.0,54.0,44.0,52.0,50.0,35.0,52.0,57.0,54.0,46.0,46.0,48.0,59.0
Cellulosilyticum,43.0,19.0,16.0,35.0,29.0,25.0,24.0,29.0,15.0,34.0,34.0,39.0,33.0,18.0,37.0,47.0,28.0,19.0,41.0,54.0,19.0,70.0,84.0,38.0,80.0,43.0,41.0,66.0,49.0,54.0,72.0,39.0,59.0,88.0,42.0,67.0,63.0,51.0,38.0,99.0,59.0,69.0
Chlamydia,14.0,13.0,13.0,0.0,0.0,2.0,0.0,0.0,0.0,4.0,0.0,2.0,0.0,0.0,0.0,9.0,7.0,0.0,4.0,6.0,2.0,0.0,6.0,0.0,0.0,0.0,3.0,4.0,0.0,5.0,5.0,8.0,10.0,5.0,9.0,15.0,0.0,3.0,3.0,4.0,3.0,0.0
Christensenellaceae_R-7_group,118.0,107.0,39.0,74.0,38.0,46.0,78.0,49.0,38.0,143.0,82.0,92.0,46.0,49.0,49.0,21.0,35.0,7.0,28.0,20.0,5.0,16.0,45.0,25.0,31.0,24.0,5.0,47.0,31.0,24.0,15.0,37.0,17.0,44.0,9.0,16.0,144.0,90.0,84.0,70.0,24.0,37.0
Chryseobacterium,3.0,0.0,5.0,0.0,2.0,0.0,0.0,0.0,2.0,0.0,0.0,3.0,0.0,0.0,0.0,0.0,0.0,0.0,0.0,0.0,0.0,0.0,0.0,0.0,0.0,0.0,0.0,0.0,0.0,0.0,3.0,0.0,0.0,3.0,0.0,0.0,3.0,5.0,0.0,3.0,0.0,4.0
Clostridia_UCG-014,111.0,121.0,103.0,127.0,88.0,123.0,100.0,94.0,129.0,173.0,141.0,194.0,43.0,47.0,64.0,249.0,196.0,160.0,273.0,327.0,209.0,327.0,365.0,304.0,280.0,272.0,312.0,295.0,316.0,380.0,403.0,284.0,383.0,382.0,303.0,422.0,259.0,235.0,233.0,345.0,301.0,350.0
Clostridia_vadinBB60_group,162.0,138.0,96.0,97.0,71.0,73.0,98.0,88.0,87.0,84.0,95.0,112.0,176.0,188.0,168.0,23.0,35.0,7.0,18.0,10.0,6.0,0.0,0.0,0.0,2.0,10.0,5.0,0.0,0.0,2.0,0.0,0.0,0.0,7.0,7.0,0.0,73.0,27.0,44.0,2.0,4.0,10.0
Clostridiaceae,17.0,8.0,11.0,60.0,59.0,44.0,104.0,133.0,96.0,0.0,0.0,0.0,88.0,88.0,77.0,8.0,0.0,0.0,4.0,4.0,0.0,0.0,0.0,2.0,0.0,0.0,0.0,0.0,0.0,0.0,3.0,4.0,0.0,0.0,0.0,0.0,0.0,0.0,0.0,0.0,0.0,0.0
Clostridium_sensu_stricto_1,8841.0,7772.0,4864.0,14128.0,9577.0,7337.0,9178.0,7296.0,5401.0,10924.0,10573.0,8511.0,10195.0,8341.0,6498.0,9167.0,7243.0,3571.0,10616.0,10126.0,3572.0,14685.0,12872.0,6012.0,13846.0,9462.0,8336.0,14637.0,10635.0,9085.0,14662.0,9708.0,9451.0,14865.0,9654.0,9299.0,15844.0,10665.0,10727.0,20131.0,14996.0,14947.0
Clostridium_sensu_stricto_15,217.0,185.0,99.0,5.0,0.0,0.0,0.0,0.0,0.0,154.0,142.0,112.0,6.0,8.0,6.0,0.0,0.0,0.0,0.0,0.0,0.0,0.0,0.0,0.0,0.0,0.0,4.0,5.0,2.0,0.0,8.0,0.0,3.0,0.0,0.0,0.0,0.0,0.0,2.0,0.0,0.0,0.0
Clostridium_sensu_stricto_2,0.0,0.0,0.0,0.0,0.0,0.0,0.0,0.0,0.0,51.0,50.0,36.0,0.0,0.0,0.0,0.0,0.0,0.0,0.0,0.0,0.0,0.0,0.0,0.0,0.0,0.0,0.0,0.0,0.0,0.0,0.0,0.0,0.0,0.0,0.0,0.0,0.0,0.0,0.0,0.0,0.0,0.0
Clostridium_sensu_stricto_5,18.0,10.0,4.0,0.0,0.0,0.0,0.0,0.0,0.0,0.0,0.0,0.0,0.0,0.0,0.0,0.0,0.0,0.0,0.0,0.0,0.0,0.0,0.0,0.0,0.0,0.0,0.0,0.0,0.0,0.0,0.0,0.0,0.0,0.0,0.0,0.0,0.0,0.0,0.0,0.0,0.0,0.0
Clostridium_sensu_stricto_6,49.0,48.0,36.0,103.0,80.0,51.0,58.0,50.0,40.0,59.0,68.0,59.0,72.0,44.0,36.0,63.0,52.0,21.0,85.0,60.0,23.0,123.0,102.0,59.0,123.0,79.0,68.0,107.0,92.0,68.0,107.0,89.0,56.0,106.0,84.0,74.0,110.0,102.0,74.0,136.0,110.0,104.0
Colidextribacter,4.0,3.0,2.0,0.0,4.0,5.0,5.0,0.0,0.0,0.0,2.0,0.0,0.0,0.0,0.0,0.0,0.0,0.0,0.0,0.0,0.0,0.0,0.0,0.0,0.0,0.0,0.0,0.0,0.0,0.0,0.0,0.0,0.0,0.0,0.0,0.0,0.0,0.0,0.0,0.0,0.0,0.0
Collinsella,21.0,15.0,12.0,25.0,11.0,14.0,23.0,14.0,19.0,16.0,19.0,31.0,16.0,6.0,14.0,46.0,31.0,19.0,63.0,56.0,37.0,118.0,93.0,69.0,104.0,64.0,83.0,116.0,92.0,106.0,150.0,76.0,112.0,143.0,80.0,105.0,74.0,73.0,87.0,116.0,68.0,87.0
Coprococcus,202.0,136.0,136.0,40.0,36.0,19.0,27.0,17.0,35.0,17.0,14.0,20.0,43.0,25.0,33.0,78.0,34.0,40.0,39.0,47.0,24.0,58.0,27.0,27.0,45.0,34.0,30.0,39.0,34.0,40.0,67.0,34.0,59.0,51.0,47.0,39.0,50.0,55.0,63.0,31.0,44.0,50.0
Corynebacterium,205.0,176.0,153.0,2887.0,2401.0,1905.0,2474.0,2019.0,1726.0,348.0,378.0,314.0,489.0,473.0,452.0,466.0,427.0,273.0,626.0,495.0,311.0,730.0,679.0,429.0,643.0,511.0,567.0,706.0,566.0,666.0,750.0,575.0,777.0,772.0,543.0,582.0,650.0,497.0,552.0,786.0,739.0,766.0
DMER64,3.0,0.0,0.0,7.0,0.0,0.0,0.0,5.0,0.0,0.0,4.0,0.0,0.0,0.0,0.0,15.0,4.0,0.0,0.0,0.0,0.0,0.0,0.0,0.0,0.0,0.0,0.0,0.0,5.0,0.0,0.0,0.0,0.0,0.0,0.0,4.0,9.0,0.0,6.0,0.0,4.0,0.0
Defluviitalea,0.0,0.0,0.0,6.0,0.0,0.0,7.0,0.0,3.0,0.0,0.0,0.0,0.0,0.0,0.0,0.0,0.0,0.0,0.0,0.0,0.0,0.0,0.0,0.0,0.0,0.0,0.0,0.0,0.0,0.0,0.0,0.0,0.0,0.0,0.0,0.0,0.0,0.0,0.0,0.0,0.0,0.0
Desulfitibacter,0.0,0.0,0.0,0.0,0.0,0.0,0.0,0.0,0.0,0.0,0.0,0.0,0.0,0.0,0.0,16.0,11.0,14.0,6.0,3.0,9.0,0.0,0.0,0.0,0.0,0.0,0.0,0.0,0.0,0.0,0.0,0.0,0.0,0.0,0.0,0.0,0.0,0.0,0.0,0.0,0.0,0.0
Desulfitobacterium,0.0,0.0,0.0,138.0,96.0,97.0,148.0,129.0,91.0,0.0,0.0,0.0,705.0,518.0,483.0,0.0,0.0,0.0,0.0,0.0,0.0,0.0,0.0,0.0,0.0,0.0,0.0,0.0,4.0,0.0,0.0,0.0,0.0,0.0,0.0,0.0,0.0,6.0,6.0,0.0,0.0,0.0
Desulfohalotomaculum,0.0,0.0,0.0,0.0,0.0,0.0,0.0,0.0,0.0,0.0,0.0,0.0,21.0,14.0,11.0,0.0,0.0,0.0,0.0,0.0,0.0,0.0,0.0,0.0,0.0,0.0,0.0,0.0,0.0,0.0,0.0,0.0,0.0,0.0,0.0,0.0,0.0,0.0,0.0,0.0,0.0,0.0
Desulfonispora,0.0,0.0,0.0,16.0,22.0,16.0,61.0,38.0,30.0,0.0,0.0,0.0,25.0,31.0,24.0,0.0,0.0,0.0,3.0,0.0,0.0,0.0,0.0,0.0,0.0,0.0,0.0,0.0,0.0,0.0,0.0,0.0,0.0,0.0,0.0,0.0,0.0,0.0,0.0,0.0,0.0,0.0
Desulfoplanes,0.0,0.0,6.0,0.0,0.0,0.0,0.0,0.0,0.0,0.0,0.0,4.0,0.0,0.0,0.0,0.0,0.0,0.0,13.0,8.0,8.0,0.0,0.0,0.0,0.0,0.0,0.0,0.0,0.0,0.0,0.0,0.0,0.0,0.0,0.0,0.0,8.0,7.0,6.0,0.0,0.0,0.0
Desulfovibrio,196.0,193.0,176.0,108.0,96.0,102.0,105.0,95.0,109.0,65.0,88.0,116.0,120.0,118.0,97.0,201.0,249.0,171.0,357.0,327.0,204.0,380.0,362.0,318.0,360.0,332.0,271.0,349.0,340.0,366.0,311.0,241.0,317.0,372.0,296.0,363.0,329.0,296.0,271.0,270.0,289.0,301.0
Desulfuromonas,0.0,0.0,0.0,0.0,0.0,0.0,0.0,0.0,0.0,0.0,0.0,0.0,7.0,12.0,8.0,0.0,0.0,0.0,0.0,0.0,0.0,0.0,0.0,0.0,2.0,0.0,0.0,0.0,0.0,0.0,0.0,0.0,0.0,0.0,0.0,0.0,0.0,0.0,0.0,0.0,0.0,0.0
Dialister,14.0,14.0,9.0,8.0,0.0,0.0,0.0,0.0,4.0,0.0,7.0,0.0,0.0,0.0,0.0,24.0,15.0,16.0,14.0,19.0,6.0,15.0,10.0,0.0,12.0,10.0,11.0,21.0,7.0,5.0,24.0,14.0,9.0,21.0,6.0,14.0,21.0,11.0,16.0,9.0,10.0,0.0
Dietzia,6.0,11.0,0.0,16.0,31.0,26.0,0.0,14.0,18.0,15.0,49.0,50.0,16.0,22.0,0.0,27.0,38.0,24.0,48.0,34.0,16.0,45.0,46.0,38.0,25.0,38.0,32.0,55.0,48.0,50.0,38.0,28.0,42.0,51.0,35.0,24.0,49.0,25.0,35.0,51.0,43.0,0.0
Dojkabacteria,0.0,0.0,0.0,0.0,0.0,2.0,0.0,0.0,0.0,0.0,0.0,0.0,0.0,0.0,0.0,0.0,0.0,0.0,0.0,0.0,0.0,0.0,0.0,0.0,0.0,0.0,0.0,0.0,0.0,0.0,0.0,0.0,4.0,0.0,0.0,0.0,2.0,0.0,9.0,0.0,0.0,0.0
Dorea,19.0,7.0,15.0,0.0,0.0,18.0,9.0,0.0,3.0,0.0,5.0,0.0,5.0,0.0,8.0,37.0,24.0,10.0,30.0,29.0,13.0,48.0,19.0,19.0,30.0,22.0,8.0,21.0,10.0,9.0,47.0,30.0,32.0,43.0,29.0,36.0,29.0,34.0,18.0,30.0,18.0,34.0
Dysgonomonadaceae,397.0,364.0,234.0,219.0,239.0,245.0,159.0,165.0,132.0,389.0,329.0,346.0,116.0,119.0,126.0,251.0,219.0,124.0,267.0,222.0,93.0,325.0,300.0,195.0,263.0,276.0,244.0,252.0,233.0,234.0,326.0,249.0,311.0,320.0,288.0,296.0,424.0,323.0,345.0,257.0,309.0,367.0
Dysgonomonas,0.0,0.0,0.0,2.0,0.0,0.0,0.0,0.0,0.0,0.0,0.0,3.0,0.0,0.0,0.0,0.0,0.0,2.0,0.0,0.0,0.0,0.0,0.0,2.0,0.0,0.0,0.0,0.0,0.0,0.0,0.0,0.0,4.0,0.0,0.0,0.0,0.0,0.0,0.0,2.0,0.0,0.0
Eggerthella,13.0,21.0,10.0,19.0,14.0,25.0,0.0,23.0,15.0,11.0,18.0,25.0,23.0,8.0,11.0,17.0,0.0,20.0,18.0,36.0,16.0,32.0,26.0,20.0,19.0,17.0,23.0,27.0,24.0,0.0,26.0,30.0,38.0,16.0,20.0,24.0,37.0,8.0,15.0,36.0,21.0,28.0
Elusimicrobium,3.0,4.0,3.0,0.0,0.0,0.0,0.0,0.0,0.0,0.0,0.0,4.0,0.0,0.0,0.0,2.0,0.0,0.0,0.0,0.0,0.0,0.0,0.0,0.0,0.0,4.0,0.0,0.0,0.0,0.0,0.0,3.0,0.0,0.0,0.0,0.0,0.0,6.0,8.0,0.0,0.0,0.0
Enteractinococcus,0.0,0.0,0.0,609.0,475.0,393.0,420.0,385.0,325.0,0.0,0.0,0.0,1394.0,1225.0,1039.0,0.0,0.0,0.0,0.0,19.0,0.0,0.0,0.0,0.0,0.0,0.0,0.0,0.0,0.0,0.0,0.0,0.0,0.0,17.0,0.0,0.0,0.0,0.0,0.0,0.0,0.0,0.0
Enterobacter,0.0,0.0,0.0,0.0,0.0,0.0,0.0,0.0,0.0,0.0,0.0,0.0,0.0,0.0,0.0,0.0,5.0,0.0,0.0,0.0,0.0,0.0,0.0,0.0,0.0,0.0,0.0,0.0,0.0,0.0,0.0,0.0,0.0,0.0,0.0,0.0,0.0,0.0,0.0,3.0,10.0,6.0
Enterococcus,7.0,11.0,0.0,1578.0,1125.0,867.0,443.0,401.0,279.0,98.0,88.0,95.0,0.0,0.0,0.0,25.0,14.0,13.0,40.0,18.0,7.0,10.0,0.0,0.0,0.0,21.0,21.0,6.0,15.0,16.0,14.0,10.0,13.0,13.0,0.0,11.0,32.0,24.0,0.0,0.0,0.0,14.0
Enterorhabdus,0.0,12.0,8.0,16.0,13.0,16.0,24.0,14.0,12.0,18.0,19.0,8.0,6.0,16.0,8.0,25.0,12.0,12.0,31.0,22.0,19.0,19.0,19.0,17.0,21.0,23.0,7.0,30.0,23.0,23.0,30.0,21.0,39.0,35.0,22.0,25.0,32.0,23.0,26.0,27.0,20.0,27.0
Ercella,0.0,0.0,0.0,3.0,0.0,0.0,0.0,0.0,0.0,0.0,0.0,4.0,0.0,0.0,4.0,4.0,0.0,0.0,6.0,0.0,0.0,4.0,0.0,0.0,0.0,0.0,4.0,0.0,0.0,3.0,0.0,0.0,0.0,0.0,0.0,0.0,0.0,0.0,0.0,4.0,0.0,0.0
Erysipelothrix,26.0,11.0,17.0,69.0,29.0,46.0,117.0,113.0,93.0,0.0,0.0,0.0,89.0,84.0,62.0,9.0,10.0,0.0,0.0,0.0,3.0,0.0,3.0,5.0,0.0,2.0,0.0,5.0,0.0,0.0,0.0,0.0,0.0,0.0,16.0,9.0,0.0,0.0,0.0,0.0,7.0,0.0
Erysipelotrichaceae_UCG-003,0.0,0.0,4.0,0.0,2.0,0.0,0.0,2.0,0.0,0.0,0.0,0.0,2.0,0.0,2.0,6.0,6.0,4.0,6.0,7.0,4.0,5.0,5.0,3.0,5.0,0.0,9.0,3.0,5.0,2.0,11.0,4.0,11.0,2.0,0.0,5.0,0.0,0.0,0.0,3.0,0.0,5.0
Escherichia-Shigella,18.0,11.0,11.0,0.0,0.0,0.0,0.0,0.0,0.0,0.0,0.0,4.0,0.0,0.0,0.0,16.0,5.0,8.0,21.0,27.0,8.0,17.0,31.0,14.0,18.0,17.0,25.0,17.0,17.0,15.0,19.0,30.0,29.0,22.0,18.0,15.0,22.0,7.0,21.0,24.0,25.0,25.0
Eubacterium,42.0,19.0,25.0,62.0,54.0,61.0,42.0,45.0,37.0,74.0,53.0,52.0,34.0,41.0,28.0,331.0,275.0,112.0,325.0,257.0,130.0,352.0,263.0,181.0,345.0,236.0,255.0,372.0,274.0,304.0,347.0,228.0,291.0,316.0,250.0,287.0,293.0,193.0,232.0,239.0,199.0,224.0
F082,0.0,0.0,0.0,0.0,0.0,0.0,0.0,0.0,0.0,0.0,0.0,0.0,0.0,0.0,0.0,0.0,0.0,0.0,0.0,0.0,0.0,0.0,0.0,0.0,0.0,0.0,0.0,0.0,0.0,0.0,0.0,4.0,0.0,4.0,0.0,8.0,0.0,0.0,0.0,0.0,0.0,0.0
FTLpost3,8.0,14.0,7.0,4.0,5.0,10.0,0.0,0.0,4.0,6.0,8.0,16.0,6.0,0.0,3.0,0.0,0.0,5.0,5.0,0.0,0.0,5.0,0.0,0.0,0.0,0.0,0.0,0.0,0.0,0.0,0.0,0.0,0.0,0.0,0.0,0.0,0.0,10.0,7.0,0.0,2.0,0.0
Facklamia,93.0,85.0,51.0,13.0,6.0,5.0,16.0,16.0,6.0,5.0,0.0,0.0,20.0,10.0,16.0,143.0,91.0,74.0,101.0,113.0,49.0,79.0,66.0,33.0,87.0,68.0,55.0,103.0,57.0,76.0,62.0,47.0,63.0,69.0,52.0,60.0,89.0,76.0,71.0,93.0,63.0,62.0
Faecalibacterium,56.0,53.0,38.0,0.0,0.0,0.0,0.0,0.0,0.0,0.0,0.0,0.0,0.0,0.0,0.0,0.0,8.0,0.0,6.0,0.0,0.0,9.0,0.0,0.0,0.0,0.0,0.0,0.0,0.0,0.0,4.0,6.0,9.0,16.0,0.0,7.0,19.0,21.0,0.0,0.0,17.0,0.0
Faecalitalea,0.0,4.0,0.0,0.0,3.0,3.0,0.0,0.0,3.0,0.0,0.0,0.0,0.0,0.0,0.0,9.0,7.0,2.0,8.0,0.0,0.0,12.0,9.0,0.0,8.0,5.0,0.0,10.0,0.0,5.0,4.0,0.0,5.0,5.0,8.0,9.0,0.0,0.0,0.0,4.0,0.0,6.0
Family_XIII_AD3011_group,52.0,49.0,30.0,41.0,54.0,33.0,36.0,42.0,23.0,48.0,28.0,28.0,25.0,16.0,18.0,62.0,72.0,32.0,94.0,83.0,27.0,75.0,69.0,47.0,57.0,38.0,34.0,89.0,52.0,37.0,108.0,60.0,63.0,88.0,80.0,37.0,77.0,54.0,40.0,58.0,26.0,57.0
Family_XIII_UCG-001,5.0,0.0,2.0,0.0,0.0,0.0,0.0,0.0,0.0,0.0,0.0,0.0,0.0,0.0,0.0,5.0,3.0,0.0,9.0,5.0,0.0,4.0,3.0,0.0,5.0,7.0,0.0,6.0,0.0,0.0,3.0,0.0,3.0,4.0,0.0,0.0,10.0,8.0,0.0,8.0,5.0,0.0
Fastidiosipila,2369.0,2087.0,1341.0,1684.0,1353.0,1142.0,2563.0,2166.0,1804.0,477.0,359.0,444.0,2054.0,1778.0,1486.0,3123.0,2670.0,1508.0,2200.0,2006.0,919.0,1257.0,1120.0,690.0,1115.0,913.0,875.0,1216.0,1053.0,1004.0,1351.0,957.0,1161.0,1244.0,895.0,1032.0,1349.0,1177.0,1199.0,990.0,973.0,1066.0
Fermentimonas,3149.0,3102.0,2104.0,3147.0,3571.0,3354.0,4025.0,3988.0,3330.0,3577.0,3554.0,3552.0,2571.0,2715.0,2670.0,3167.0,3145.0,1952.0,3894.0,4132.0,2115.0,4625.0,4968.0,3378.0,3991.0,3984.0,3816.0,3998.0,4249.0,3772.0,4499.0,4085.0,4278.0,4361.0,4031.0,3842.0,3748.0,3387.0,3394.0,3900.0,4229.0,4583.0
Fibrobacter,9.0,8.0,5.0,0.0,4.0,10.0,0.0,0.0,0.0,4.0,0.0,0.0,2.0,0.0,0.0,10.0,5.0,5.0,3.0,0.0,0.0,0.0,0.0,0.0,0.0,2.0,0.0,0.0,0.0,0.0,2.0,0.0,0.0,0.0,0.0,0.0,5.0,0.0,0.0,0.0,0.0,3.0
Flavobacterium,0.0,6.0,0.0,0.0,0.0,0.0,0.0,0.0,0.0,0.0,4.0,4.0,0.0,0.0,0.0,0.0,5.0,8.0,0.0,0.0,2.0,0.0,0.0,0.0,0.0,0.0,0.0,0.0,5.0,3.0,2.0,0.0,0.0,0.0,0.0,4.0,16.0,4.0,0.0,0.0,3.0,5.0
Fournierella,0.0,7.0,5.0,0.0,0.0,0.0,0.0,0.0,0.0,0.0,0.0,0.0,0.0,0.0,0.0,0.0,0.0,0.0,0.0,0.0,0.0,0.0,0.0,0.0,0.0,0.0,0.0,0.0,0.0,0.0,0.0,0.0,0.0,0.0,0.0,0.0,0.0,0.0,0.0,0.0,0.0,0.0
Fusibacter,0.0,0.0,0.0,0.0,0.0,0.0,0.0,0.0,0.0,0.0,0.0,0.0,0.0,0.0,0.0,0.0,0.0,0.0,0.0,0.0,0.0,0.0,0.0,0.0,0.0,0.0,0.0,0.0,0.0,0.0,9.0,0.0,0.0,0.0,0.0,0.0,4.0,0.0,0.0,0.0,0.0,0.0
Fusobacterium,0.0,0.0,3.0,0.0,0.0,0.0,0.0,0.0,0.0,0.0,0.0,0.0,0.0,0.0,0.0,0.0,0.0,0.0,0.0,0.0,0.0,0.0,4.0,3.0,0.0,0.0,0.0,0.0,6.0,0.0,0.0,0.0,3.0,0.0,0.0,0.0,3.0,0.0,3.0,3.0,0.0,0.0
GZKB75,0.0,0.0,0.0,0.0,0.0,0.0,0.0,0.0,0.0,0.0,0.0,0.0,0.0,0.0,0.0,0.0,0.0,0.0,0.0,0.0,0.0,0.0,3.0,0.0,0.0,3.0,3.0,0.0,7.0,0.0,0.0,0.0,3.0,0.0,3.0,0.0,0.0,0.0,0.0,0.0,0.0,0.0
Gallicola,449.0,289.0,225.0,232.0,222.0,152.0,214.0,160.0,164.0,173.0,152.0,156.0,257.0,177.0,212.0,424.0,308.0,187.0,478.0,461.0,151.0,567.0,496.0,258.0,603.0,430.0,361.0,627.0,446.0,437.0,571.0,459.0,485.0,530.0,333.0,378.0,573.0,391.0,421.0,645.0,507.0,537.0
Gastranaerophilales,49.0,39.0,55.0,10.0,8.0,4.0,3.0,0.0,0.0,11.0,10.0,15.0,0.0,0.0,5.0,10.0,0.0,0.0,2.0,0.0,2.0,0.0,0.0,0.0,4.0,7.0,9.0,0.0,6.0,7.0,0.0,5.0,0.0,0.0,2.0,3.0,5.0,9.0,8.0,0.0,0.0,0.0
Gelidibacter,5.0,5.0,0.0,0.0,0.0,0.0,0.0,0.0,0.0,6.0,0.0,0.0,0.0,0.0,0.0,0.0,0.0,0.0,0.0,0.0,0.0,0.0,0.0,0.0,0.0,0.0,0.0,0.0,0.0,0.0,0.0,0.0,0.0,0.0,0.0,0.0,0.0,0.0,0.0,0.0,0.0,0.0
Georgenia,0.0,0.0,0.0,0.0,0.0,0.0,0.0,0.0,0.0,3.0,0.0,0.0,3.0,0.0,0.0,0.0,0.0,3.0,0.0,0.0,0.0,0.0,0.0,0.0,2.0,0.0,4.0,0.0,0.0,4.0,0.0,0.0,0.0,0.0,0.0,0.0,0.0,0.0,0.0,4.0,0.0,0.0
Guggenheimella,0.0,0.0,0.0,0.0,0.0,0.0,12.0,5.0,0.0,0.0,0.0,0.0,0.0,0.0,0.0,0.0,0.0,0.0,0.0,0.0,0.0,0.0,0.0,0.0,0.0,0.0,0.0,0.0,0.0,0.0,0.0,0.0,0.0,0.0,0.0,0.0,0.0,0.0,0.0,0.0,0.0,0.0
HN-HF0106,41.0,38.0,15.0,0.0,12.0,4.0,35.0,54.0,17.0,5.0,0.0,3.0,55.0,35.0,47.0,28.0,25.0,15.0,36.0,24.0,3.0,14.0,9.0,5.0,11.0,0.0,5.0,8.0,6.0,6.0,11.0,10.0,0.0,11.0,7.0,5.0,16.0,0.0,9.0,7.0,0.0,8.0
Helcococcus,79.0,58.0,44.0,48.0,40.0,39.0,108.0,100.0,94.0,0.0,0.0,0.0,430.0,420.0,362.0,94.0,65.0,42.0,64.0,56.0,25.0,0.0,5.0,0.0,5.0,11.0,7.0,11.0,9.0,7.0,0.0,7.0,0.0,0.0,0.0,0.0,3.0,6.0,10.0,4.0,0.0,10.0
Helicobacter,11.0,0.0,9.0,3.0,0.0,0.0,0.0,0.0,2.0,0.0,0.0,7.0,0.0,0.0,0.0,0.0,0.0,0.0,0.0,0.0,0.0,2.0,0.0,0.0,0.0,0.0,0.0,0.0,0.0,0.0,0.0,0.0,0.0,6.0,0.0,0.0,7.0,10.0,14.0,0.0,0.0,0.0
Herbinix,30.0,25.0,25.0,0.0,0.0,0.0,52.0,41.0,32.0,0.0,0.0,0.0,96.0,93.0,77.0,10.0,6.0,0.0,0.0,21.0,0.0,0.0,0.0,0.0,0.0,0.0,0.0,0.0,0.0,0.0,0.0,0.0,0.0,0.0,0.0,0.0,0.0,0.0,0.0,0.0,0.0,0.0
Hespellia,10.0,8.0,8.0,12.0,0.0,0.0,8.0,0.0,5.0,0.0,0.0,5.0,10.0,0.0,6.0,59.0,48.0,26.0,46.0,21.0,16.0,42.0,23.0,17.0,26.0,21.0,30.0,65.0,20.0,14.0,46.0,14.0,33.0,31.0,26.0,18.0,19.0,16.0,10.0,30.0,12.0,14.0
Holdemanella,83.0,79.0,55.0,40.0,34.0,40.0,32.0,22.0,23.0,30.0,37.0,43.0,22.0,14.0,18.0,94.0,91.0,60.0,147.0,85.0,27.0,138.0,119.0,100.0,108.0,88.0,106.0,80.0,99.0,95.0,127.0,82.0,133.0,141.0,118.0,129.0,119.0,66.0,101.0,104.0,88.0,133.0
Hungateiclostridium,0.0,0.0,0.0,0.0,0.0,0.0,0.0,0.0,0.0,0.0,0.0,0.0,12.0,11.0,0.0,0.0,0.0,0.0,0.0,0.0,0.0,0.0,0.0,0.0,0.0,0.0,0.0,0.0,0.0,0.0,0.0,0.0,0.0,0.0,0.0,0.0,0.0,0.0,0.0,0.0,0.0,0.0
Ignatzschineria,11.0,12.0,3.0,0.0,0.0,8.0,6.0,0.0,0.0,8.0,11.0,18.0,0.0,0.0,0.0,153.0,137.0,83.0,198.0,169.0,79.0,16.0,50.0,35.0,48.0,25.0,34.0,50.0,26.0,39.0,31.0,9.0,14.0,29.0,29.0,21.0,57.0,28.0,38.0,13.0,15.0,14.0
Ignavigranum,34.0,14.0,15.0,10.0,6.0,7.0,20.0,9.0,5.0,0.0,0.0,0.0,7.0,4.0,6.0,62.0,56.0,40.0,41.0,36.0,20.0,14.0,17.0,10.0,31.0,12.0,18.0,13.0,30.0,25.0,30.0,9.0,17.0,29.0,13.0,12.0,31.0,23.0,24.0,39.0,13.0,24.0
Incertae_Sedis,20.0,21.0,15.0,6.0,6.0,5.0,0.0,0.0,3.0,4.0,5.0,6.0,0.0,0.0,0.0,8.0,8.0,0.0,11.0,5.0,3.0,13.0,11.0,9.0,8.0,4.0,6.0,20.0,6.0,10.0,23.0,13.0,15.0,11.0,6.0,8.0,22.0,14.0,20.0,18.0,15.0,10.0
Intestinibacter,215.0,162.0,118.0,369.0,250.0,166.0,242.0,160.0,139.0,308.0,324.0,256.0,224.0,208.0,136.0,272.0,195.0,104.0,404.0,338.0,147.0,542.0,467.0,220.0,414.0,348.0,300.0,513.0,380.0,320.0,483.0,336.0,330.0,458.0,304.0,315.0,466.0,263.0,391.0,573.0,474.0,478.0
Irregularibacter,0.0,0.0,0.0,0.0,0.0,5.0,4.0,0.0,14.0,0.0,0.0,0.0,6.0,5.0,0.0,10.0,0.0,0.0,7.0,0.0,0.0,0.0,0.0,0.0,0.0,0.0,0.0,0.0,0.0,0.0,0.0,0.0,0.0,0.0,0.0,0.0,0.0,0.0,0.0,0.0,0.0,0.0
Izemoplasmatales,985.0,770.0,707.0,359.0,335.0,356.0,334.0,261.0,236.0,387.0,402.0,479.0,395.0,381.0,348.0,168.0,128.0,87.0,96.0,73.0,40.0,3.0,4.0,0.0,17.0,26.0,24.0,16.0,19.0,18.0,4.0,7.0,18.0,19.0,6.0,20.0,272.0,240.0,276.0,58.0,42.0,48.0
JG30-KF-CM45,0.0,0.0,0.0,0.0,0.0,0.0,0.0,0.0,0.0,0.0,0.0,0.0,0.0,0.0,0.0,0.0,2.0,0.0,0.0,0.0,0.0,0.0,0.0,0.0,3.0,0.0,0.0,0.0,0.0,4.0,0.0,0.0,0.0,0.0,0.0,0.0,0.0,5.0,0.0,0.0,0.0,0.0
Jeotgalibaca,248.0,202.0,129.0,20.0,17.0,14.0,26.0,21.0,25.0,0.0,0.0,0.0,46.0,55.0,42.0,183.0,97.0,62.0,114.0,103.0,25.0,71.0,79.0,38.0,68.0,45.0,52.0,77.0,52.0,49.0,106.0,49.0,73.0,64.0,55.0,42.0,51.0,49.0,58.0,87.0,38.0,65.0
Jeotgalicoccus,5.0,8.0,7.0,0.0,0.0,6.0,0.0,6.0,3.0,0.0,0.0,0.0,5.0,4.0,5.0,18.0,19.0,16.0,17.0,23.0,9.0,21.0,23.0,9.0,10.0,19.0,10.0,13.0,14.0,16.0,25.0,22.0,18.0,17.0,15.0,12.0,12.0,10.0,15.0,19.0,33.0,25.0
Kistimonas,0.0,0.0,0.0,0.0,0.0,0.0,0.0,0.0,0.0,0.0,0.0,0.0,0.0,0.0,0.0,0.0,0.0,0.0,0.0,0.0,0.0,0.0,0.0,0.0,0.0,6.0,15.0,0.0,0.0,0.0,0.0,0.0,0.0,0.0,0.0,0.0,0.0,0.0,0.0,0.0,0.0,0.0
Kocuria,0.0,0.0,0.0,0.0,0.0,0.0,0.0,0.0,0.0,0.0,0.0,0.0,0.0,0.0,0.0,0.0,0.0,0.0,0.0,0.0,0.0,0.0,0.0,0.0,0.0,0.0,0.0,0.0,0.0,0.0,0.0,0.0,0.0,0.0,0.0,8.0,10.0,0.0,0.0,0.0,0.0,0.0
Koukoulia,0.0,0.0,0.0,0.0,0.0,0.0,0.0,0.0,0.0,0.0,0.0,0.0,0.0,0.0,0.0,5.0,4.0,0.0,4.0,8.0,0.0,0.0,0.0,0.0,0.0,0.0,0.0,0.0,0.0,0.0,0.0,0.0,0.0,0.0,2.0,0.0,0.0,0.0,0.0,0.0,0.0,0.0
LK-44f,8.0,6.0,4.0,39.0,28.0,39.0,39.0,47.0,52.0,2.0,0.0,0.0,0.0,0.0,0.0,4.0,0.0,2.0,0.0,7.0,3.0,5.0,9.0,12.0,8.0,4.0,4.0,5.0,2.0,4.0,9.0,0.0,19.0,10.0,6.0,15.0,23.0,18.0,21.0,13.0,0.0,13.0
LNR_A2-18,22.0,50.0,50.0,0.0,5.0,18.0,0.0,9.0,8.0,7.0,11.0,30.0,0.0,5.0,8.0,5.0,8.0,7.0,8.0,8.0,6.0,7.0,12.0,23.0,8.0,7.0,28.0,6.0,13.0,17.0,9.0,7.0,35.0,7.0,12.0,38.0,40.0,87.0,78.0,13.0,37.0,20.0
Lachnospira,0.0,0.0,0.0,4.0,0.0,0.0,0.0,0.0,0.0,0.0,0.0,0.0,0.0,0.0,0.0,0.0,0.0,0.0,8.0,9.0,0.0,0.0,0.0,0.0,0.0,0.0,6.0,0.0,5.0,0.0,0.0,0.0,6.0,8.0,0.0,0.0,17.0,8.0,0.0,0.0,0.0,0.0
Lachnospiraceae_AC2044_group,19.0,12.0,15.0,0.0,0.0,0.0,7.0,11.0,0.0,4.0,10.0,0.0,11.0,5.0,0.0,33.0,13.0,8.0,20.0,11.0,9.0,6.0,4.0,0.0,6.0,3.0,0.0,13.0,8.0,0.0,6.0,0.0,0.0,8.0,4.0,0.0,0.0,10.0,6.0,6.0,0.0,0.0
Lachnospiraceae_NC2004_group,0.0,0.0,5.0,0.0,0.0,0.0,0.0,0.0,0.0,0.0,0.0,0.0,0.0,0.0,0.0,0.0,19.0,24.0,0.0,0.0,25.0,0.0,0.0,0.0,0.0,0.0,0.0,0.0,0.0,0.0,0.0,0.0,0.0,0.0,0.0,0.0,0.0,0.0,0.0,0.0,0.0,0.0
Lachnospiraceae_NK3A20_group,18.0,12.0,3.0,22.0,17.0,13.0,12.0,10.0,0.0,12.0,0.0,5.0,9.0,0.0,8.0,26.0,27.0,8.0,18.0,13.0,11.0,26.0,12.0,11.0,17.0,0.0,11.0,15.0,7.0,12.0,27.0,9.0,18.0,27.0,9.0,14.0,6.0,10.0,13.0,21.0,11.0,8.0
Lachnospiraceae_NK4A136_group,0.0,0.0,0.0,0.0,0.0,0.0,0.0,0.0,0.0,0.0,0.0,0.0,55.0,37.0,52.0,6.0,0.0,0.0,0.0,0.0,0.0,7.0,0.0,0.0,0.0,0.0,0.0,0.0,0.0,0.0,0.0,0.0,0.0,3.0,0.0,0.0,0.0,6.0,0.0,0.0,0.0,0.0
Lachnospiraceae_UCG-007,34.0,14.0,14.0,31.0,8.0,10.0,23.0,17.0,14.0,23.0,21.0,15.0,20.0,18.0,16.0,14.0,21.0,9.0,36.0,26.0,13.0,55.0,36.0,20.0,56.0,27.0,24.0,49.0,22.0,48.0,30.0,24.0,27.0,42.0,29.0,27.0,35.0,16.0,31.0,62.0,44.0,57.0
Lachnospiraceae_XPB1014_group,11.0,4.0,4.0,9.0,0.0,0.0,3.0,4.0,0.0,0.0,0.0,8.0,12.0,0.0,0.0,13.0,9.0,5.0,5.0,0.0,4.0,0.0,0.0,0.0,0.0,0.0,0.0,0.0,4.0,0.0,0.0,0.0,0.0,0.0,0.0,0.0,0.0,0.0,0.0,0.0,0.0,0.0
Lacticigenium,0.0,0.0,0.0,0.0,0.0,0.0,0.0,0.0,0.0,0.0,0.0,0.0,0.0,0.0,0.0,11.0,13.0,5.0,13.0,5.0,0.0,0.0,0.0,0.0,0.0,0.0,5.0,0.0,0.0,7.0,6.0,0.0,0.0,0.0,0.0,7.0,0.0,0.0,0.0,0.0,7.0,12.0
Lactobacillus,2395.0,2100.0,1605.0,2132.0,1864.0,1684.0,1314.0,1112.0,1107.0,5177.0,4689.0,4295.0,1084.0,1033.0,1100.0,6536.0,5527.0,3059.0,6505.0,5720.0,2447.0,5172.0,4763.0,2784.0,5076.0,3903.0,3934.0,5432.0,4502.0,4514.0,4287.0,3107.0,3667.0,4727.0,3555.0,3964.0,5458.0,4123.0,4498.0,5672.0,4963.0,5695.0
Lawsonia,10.0,12.0,2.0,6.0,9.0,4.0,2.0,0.0,5.0,9.0,0.0,10.0,2.0,0.0,2.0,17.0,14.0,7.0,14.0,13.0,8.0,20.0,16.0,12.0,14.0,5.0,13.0,11.0,15.0,16.0,13.0,11.0,15.0,11.0,8.0,20.0,13.0,5.0,9.0,7.0,8.0,15.0
Libanicoccus,8.0,0.0,0.0,0.0,0.0,0.0,4.0,4.0,5.0,0.0,6.0,0.0,0.0,0.0,0.0,9.0,0.0,0.0,6.0,7.0,0.0,10.0,14.0,5.0,7.0,0.0,15.0,3.0,6.0,0.0,18.0,9.0,0.0,12.0,10.0,13.0,9.0,0.0,7.0,8.0,4.0,9.0
Lysinibacillus,0.0,0.0,0.0,0.0,0.0,0.0,0.0,0.0,0.0,0.0,0.0,0.0,2335.0,1877.0,1415.0,0.0,0.0,0.0,0.0,0.0,0.0,0.0,0.0,0.0,0.0,0.0,0.0,0.0,3.0,0.0,0.0,3.0,0.0,0.0,0.0,0.0,0.0,19.0,23.0,0.0,0.0,0.0
M55-D21,0.0,0.0,0.0,8.0,3.0,3.0,7.0,0.0,0.0,0.0,0.0,0.0,4.0,7.0,9.0,0.0,0.0,0.0,0.0,0.0,0.0,0.0,0.0,0.0,0.0,0.0,0.0,0.0,0.0,0.0,0.0,0.0,0.0,0.0,0.0,0.0,0.0,0.0,0.0,0.0,0.0,0.0
MBA03,0.0,0.0,0.0,21.0,19.0,6.0,41.0,22.0,21.0,0.0,0.0,0.0,6.0,0.0,10.0,0.0,0.0,0.0,0.0,0.0,0.0,0.0,0.0,0.0,0.0,0.0,0.0,0.0,0.0,0.0,0.0,0.0,0.0,0.0,0.0,0.0,0.0,0.0,0.0,0.0,0.0,0.0
Marvinbryantia,10.0,7.0,0.0,0.0,0.0,0.0,0.0,0.0,0.0,0.0,0.0,0.0,4.0,0.0,0.0,0.0,0.0,0.0,0.0,0.0,0.0,0.0,0.0,0.0,4.0,0.0,0.0,0.0,0.0,0.0,0.0,0.0,0.0,3.0,0.0,0.0,0.0,0.0,0.0,0.0,0.0,0.0
Megasphaera,0.0,0.0,0.0,0.0,3.0,0.0,0.0,0.0,0.0,0.0,0.0,0.0,0.0,0.0,0.0,0.0,0.0,0.0,0.0,0.0,0.0,0.0,0.0,0.0,0.0,0.0,0.0,0.0,0.0,0.0,0.0,0.0,0.0,0.0,0.0,0.0,0.0,3.0,0.0,0.0,0.0,5.0
Methanobrevibacter,88.0,115.0,516.0,42.0,17.0,192.0,58.0,58.0,265.0,56.0,85.0,208.0,0.0,21.0,34.0,243.0,312.0,1186.0,217.0,315.0,1233.0,146.0,180.0,732.0,139.0,264.0,683.0,123.0,189.0,550.0,154.0,204.0,543.0,121.0,208.0,632.0,78.0,171.0,300.0,85.0,102.0,180.0
Methanocorpusculum,0.0,0.0,8.0,0.0,0.0,0.0,0.0,0.0,0.0,0.0,0.0,2.0,0.0,0.0,0.0,0.0,0.0,0.0,0.0,0.0,7.0,0.0,0.0,8.0,0.0,0.0,0.0,0.0,0.0,0.0,0.0,0.0,0.0,0.0,0.0,2.0,0.0,0.0,0.0,0.0,0.0,0.0
Methanosphaera,397.0,439.0,1231.0,101.0,142.0,508.0,104.0,126.0,460.0,336.0,326.0,949.0,61.0,45.0,164.0,334.0,407.0,1097.0,443.0,607.0,2074.0,569.0,609.0,2218.0,599.0,1064.0,2365.0,544.0,899.0,2125.0,564.0,794.0,2019.0,545.0,858.0,2219.0,404.0,479.0,988.0,367.0,459.0,785.0
Mitsuokella,0.0,0.0,0.0,0.0,0.0,0.0,0.0,0.0,0.0,0.0,0.0,0.0,0.0,0.0,0.0,8.0,0.0,0.0,0.0,0.0,0.0,0.0,0.0,0.0,0.0,0.0,0.0,0.0,0.0,0.0,0.0,0.0,0.0,0.0,0.0,0.0,0.0,0.0,6.0,0.0,0.0,0.0
Mobilitalea,33.0,22.0,24.0,0.0,0.0,0.0,0.0,0.0,0.0,0.0,0.0,0.0,20.0,0.0,15.0,0.0,0.0,0.0,0.0,0.0,0.0,0.0,0.0,0.0,0.0,0.0,0.0,0.0,0.0,0.0,0.0,0.0,0.0,0.0,0.0,0.0,0.0,0.0,0.0,0.0,0.0,0.0
Mogibacterium,0.0,0.0,2.0,9.0,10.0,5.0,15.0,6.0,7.0,9.0,7.0,6.0,0.0,3.0,7.0,16.0,6.0,0.0,15.0,10.0,0.0,12.0,7.0,6.0,16.0,0.0,3.0,9.0,8.0,7.0,20.0,0.0,8.0,10.0,5.0,15.0,12.0,7.0,7.0,7.0,0.0,7.0
Moraxellaceae,0.0,0.0,0.0,0.0,0.0,0.0,0.0,0.0,0.0,2.0,4.0,0.0,0.0,0.0,0.0,0.0,0.0,0.0,0.0,0.0,0.0,5.0,0.0,3.0,0.0,4.0,0.0,0.0,0.0,0.0,0.0,0.0,0.0,0.0,0.0,0.0,0.0,0.0,0.0,0.0,0.0,0.0
Mucispirillum,4.0,0.0,0.0,0.0,0.0,0.0,0.0,0.0,0.0,0.0,4.0,0.0,0.0,0.0,0.0,0.0,0.0,0.0,0.0,0.0,0.0,0.0,0.0,0.0,0.0,0.0,0.0,0.0,4.0,0.0,0.0,0.0,0.0,2.0,0.0,0.0,3.0,2.0,5.0,0.0,0.0,6.0
Murdochiella,5.0,5.0,0.0,9.0,2.0,10.0,4.0,3.0,8.0,0.0,0.0,0.0,16.0,19.0,12.0,0.0,0.0,0.0,5.0,0.0,0.0,5.0,0.0,0.0,0.0,0.0,0.0,0.0,0.0,0.0,0.0,0.0,2.0,2.0,6.0,0.0,8.0,0.0,4.0,0.0,3.0,7.0
Muribaculaceae,60.0,51.0,88.0,14.0,21.0,20.0,16.0,7.0,14.0,34.0,36.0,40.0,0.0,6.0,4.0,18.0,18.0,10.0,19.0,42.0,7.0,51.0,111.0,51.0,96.0,75.0,106.0,91.0,81.0,118.0,100.0,80.0,69.0,68.0,92.0,101.0,119.0,66.0,102.0,61.0,85.0,114.0
Mycoplasma,41.0,41.0,66.0,48.0,43.0,72.0,47.0,41.0,65.0,57.0,59.0,81.0,9.0,12.0,31.0,30.0,36.0,42.0,19.0,22.0,24.0,10.0,17.0,17.0,13.0,14.0,32.0,11.0,20.0,30.0,14.0,2.0,24.0,15.0,14.0,21.0,43.0,64.0,74.0,16.0,9.0,38.0
Myroides,3.0,5.0,0.0,0.0,0.0,0.0,3.0,0.0,0.0,0.0,0.0,0.0,0.0,0.0,0.0,0.0,5.0,0.0,3.0,0.0,0.0,0.0,0.0,0.0,0.0,0.0,3.0,0.0,0.0,0.0,0.0,0.0,2.0,2.0,0.0,8.0,4.0,3.0,0.0,0.0,3.0,0.0
NK4A214_group,108.0,113.0,66.0,34.0,36.0,20.0,65.0,34.0,40.0,17.0,10.0,13.0,48.0,52.0,49.0,106.0,101.0,40.0,95.0,77.0,15.0,47.0,49.0,24.0,50.0,27.0,36.0,48.0,42.0,17.0,57.0,37.0,49.0,67.0,38.0,54.0,78.0,64.0,67.0,55.0,46.0,64.0
Neoscardovia,0.0,0.0,0.0,0.0,4.0,0.0,0.0,0.0,0.0,5.0,4.0,5.0,0.0,0.0,0.0,0.0,0.0,0.0,0.0,0.0,0.0,0.0,0.0,0.0,0.0,0.0,0.0,0.0,0.0,0.0,0.0,0.0,0.0,0.0,0.0,0.0,0.0,0.0,0.0,0.0,0.0,0.0
Oblitimonas,0.0,0.0,5.0,0.0,0.0,0.0,0.0,0.0,0.0,0.0,0.0,0.0,0.0,0.0,0.0,620.0,483.0,343.0,412.0,438.0,266.0,0.0,0.0,0.0,0.0,0.0,0.0,0.0,0.0,0.0,0.0,0.0,0.0,0.0,0.0,0.0,0.0,0.0,0.0,0.0,0.0,10.0
Oceanisphaera,6.0,16.0,16.0,0.0,0.0,2.0,0.0,0.0,2.0,0.0,10.0,6.0,0.0,0.0,0.0,11.0,17.0,3.0,15.0,8.0,0.0,0.0,7.0,8.0,9.0,4.0,0.0,12.0,5.0,0.0,10.0,5.0,0.0,0.0,5.0,5.0,0.0,5.0,3.0,6.0,8.0,11.0
Oceanobacillus,0.0,0.0,0.0,6.0,13.0,0.0,0.0,14.0,8.0,0.0,0.0,0.0,0.0,0.0,0.0,0.0,0.0,0.0,0.0,0.0,0.0,0.0,0.0,0.0,0.0,0.0,0.0,0.0,0.0,0.0,0.0,0.0,0.0,0.0,0.0,0.0,0.0,0.0,0.0,0.0,0.0,0.0
Ochrobactrum,7.0,0.0,0.0,8.0,9.0,0.0,0.0,0.0,0.0,0.0,0.0,0.0,0.0,0.0,0.0,0.0,0.0,0.0,0.0,0.0,0.0,0.0,0.0,0.0,0.0,0.0,0.0,0.0,0.0,0.0,0.0,0.0,0.0,0.0,0.0,0.0,0.0,0.0,0.0,0.0,0.0,0.0
Odoribacter,1422.0,1506.0,1484.0,345.0,512.0,578.0,271.0,335.0,432.0,733.0,744.0,982.0,246.0,232.0,314.0,615.0,689.0,591.0,386.0,447.0,411.0,42.0,52.0,73.0,70.0,85.0,117.0,60.0,85.0,106.0,42.0,48.0,77.0,78.0,69.0,104.0,389.0,449.0,504.0,75.0,79.0,89.0
Oligella,43.0,43.0,26.0,24.0,28.0,20.0,11.0,7.0,17.0,34.0,31.0,43.0,136.0,179.0,183.0,60.0,50.0,40.0,62.0,39.0,63.0,65.0,58.0,46.0,43.0,48.0,52.0,56.0,50.0,60.0,68.0,47.0,72.0,65.0,60.0,60.0,43.0,23.0,48.0,50.0,44.0,57.0
Olsenella,22.0,5.0,2.0,49.0,26.0,33.0,25.0,9.0,19.0,55.0,40.0,41.0,6.0,4.0,3.0,27.0,3.0,12.0,28.0,24.0,6.0,41.0,35.0,16.0,50.0,4.0,19.0,51.0,36.0,37.0,39.0,44.0,54.0,46.0,50.0,31.0,23.0,26.0,36.0,29.0,34.0,35.0
Oribacterium,25.0,22.0,15.0,0.0,0.0,0.0,0.0,0.0,0.0,7.0,0.0,0.0,0.0,0.0,0.0,0.0,0.0,4.0,0.0,0.0,0.0,0.0,0.0,0.0,0.0,0.0,0.0,0.0,0.0,8.0,0.0,0.0,0.0,0.0,0.0,0.0,0.0,0.0,0.0,0.0,0.0,0.0
Ornithinibacillus,0.0,0.0,0.0,0.0,0.0,0.0,5.0,6.0,0.0,0.0,0.0,0.0,0.0,0.0,0.0,0.0,0.0,0.0,0.0,0.0,0.0,0.0,0.0,0.0,0.0,0.0,0.0,0.0,0.0,0.0,0.0,0.0,0.0,0.0,0.0,0.0,0.0,0.0,0.0,0.0,0.0,0.0
Ornithobacterium,0.0,0.0,0.0,0.0,0.0,0.0,0.0,0.0,0.0,0.0,0.0,5.0,0.0,0.0,0.0,0.0,0.0,0.0,0.0,0.0,0.0,0.0,0.0,0.0,0.0,0.0,6.0,0.0,0.0,0.0,0.0,0.0,0.0,0.0,0.0,5.0,0.0,0.0,0.0,2.0,0.0,0.0
Oscillibacter,22.0,17.0,0.0,0.0,0.0,0.0,0.0,0.0,0.0,33.0,23.0,21.0,0.0,0.0,0.0,3.0,0.0,0.0,0.0,0.0,0.0,0.0,5.0,0.0,0.0,0.0,0.0,0.0,0.0,0.0,0.0,0.0,0.0,0.0,0.0,5.0,12.0,0.0,0.0,0.0,0.0,0.0
Oscillospira,10.0,0.0,10.0,0.0,0.0,0.0,0.0,0.0,0.0,0.0,0.0,0.0,0.0,0.0,0.0,0.0,0.0,0.0,0.0,0.0,0.0,0.0,0.0,0.0,0.0,0.0,0.0,0.0,0.0,0.0,0.0,0.0,0.0,0.0,0.0,0.0,0.0,7.0,0.0,7.0,0.0,0.0
Oxalobacter,0.0,0.0,0.0,0.0,0.0,0.0,0.0,0.0,0.0,0.0,0.0,2.0,0.0,0.0,3.0,0.0,0.0,2.0,9.0,5.0,0.0,0.0,0.0,3.0,0.0,4.0,0.0,0.0,5.0,0.0,0.0,0.0,3.0,0.0,0.0,0.0,0.0,4.0,0.0,0.0,4.0,0.0
Paenalcaligenes,7.0,6.0,15.0,855.0,757.0,670.0,1472.0,1184.0,1079.0,6.0,0.0,6.0,1049.0,908.0,906.0,38.0,30.0,25.0,26.0,17.0,16.0,7.0,0.0,0.0,14.0,19.0,10.0,16.0,20.0,24.0,0.0,24.0,30.0,10.0,9.0,15.0,7.0,23.0,17.0,0.0,13.0,7.0
Paenochrobactrum,0.0,0.0,0.0,0.0,0.0,0.0,0.0,0.0,6.0,0.0,7.0,9.0,0.0,0.0,0.0,7.0,0.0,7.0,11.0,0.0,0.0,5.0,0.0,5.0,4.0,6.0,5.0,0.0,0.0,7.0,11.0,0.0,11.0,12.0,12.0,0.0,0.0,0.0,7.0,0.0,0.0,15.0
Papillibacter,8.0,0.0,0.0,0.0,0.0,0.0,0.0,0.0,0.0,0.0,0.0,0.0,0.0,0.0,0.0,0.0,0.0,0.0,0.0,8.0,0.0,0.0,0.0,0.0,0.0,0.0,0.0,0.0,0.0,0.0,0.0,0.0,0.0,0.0,0.0,0.0,0.0,0.0,0.0,0.0,0.0,0.0
Parabacteroides,169.0,175.0,207.0,0.0,55.0,65.0,3.0,0.0,0.0,78.0,162.0,187.0,11.0,0.0,0.0,21.0,22.0,10.0,15.0,78.0,56.0,73.0,103.0,187.0,73.0,161.0,182.0,124.0,114.0,181.0,62.0,73.0,149.0,121.0,101.0,127.0,122.0,137.0,157.0,89.0,93.0,133.0
Paracoccus,0.0,0.0,0.0,0.0,0.0,0.0,0.0,0.0,0.0,0.0,0.0,14.0,0.0,0.0,0.0,16.0,0.0,0.0,13.0,14.0,0.0,10.0,13.0,0.0,0.0,0.0,0.0,0.0,0.0,0.0,0.0,0.0,0.0,0.0,0.0,0.0,12.0,8.0,16.0,10.0,0.0,0.0
Paraeggerthella,3.0,0.0,0.0,0.0,4.0,0.0,2.0,0.0,0.0,0.0,0.0,0.0,5.0,0.0,0.0,8.0,14.0,6.0,9.0,17.0,6.0,8.0,8.0,0.0,14.0,0.0,7.0,11.0,0.0,7.0,16.0,7.0,10.0,8.0,7.0,20.0,3.0,9.0,4.0,14.0,17.0,12.0
PeH15,7.0,4.0,6.0,0.0,0.0,0.0,0.0,0.0,0.0,6.0,3.0,6.0,0.0,0.0,0.0,4.0,0.0,0.0,0.0,0.0,0.0,0.0,4.0,3.0,0.0,0.0,0.0,0.0,0.0,0.0,6.0,6.0,7.0,0.0,0.0,4.0,0.0,0.0,0.0,0.0,4.0,0.0
Pedobacter,0.0,7.0,0.0,0.0,6.0,0.0,0.0,3.0,0.0,0.0,0.0,0.0,0.0,0.0,0.0,0.0,0.0,0.0,0.0,0.0,0.0,0.0,5.0,0.0,0.0,0.0,0.0,0.0,0.0,0.0,0.0,0.0,0.0,0.0,0.0,0.0,0.0,0.0,0.0,0.0,0.0,0.0
Peptococcus,0.0,13.0,2.0,144.0,94.0,90.0,137.0,138.0,107.0,0.0,0.0,0.0,167.0,144.0,126.0,54.0,38.0,15.0,30.0,24.0,13.0,17.0,25.0,11.0,24.0,16.0,20.0,19.0,15.0,20.0,22.0,17.0,19.0,17.0,10.0,15.0,11.0,10.0,7.0,25.0,18.0,26.0
Peptoniphilus,131.0,128.0,83.0,669.0,557.0,436.0,321.0,213.0,215.0,370.0,332.0,346.0,239.0,214.0,181.0,252.0,198.0,115.0,203.0,192.0,71.0,241.0,206.0,107.0,206.0,141.0,136.0,194.0,137.0,137.0,235.0,180.0,165.0,212.0,163.0,165.0,221.0,158.0,156.0,197.0,152.0,189.0
Peptostreptococcus,212.0,192.0,148.0,1522.0,1049.0,929.0,851.0,666.0,574.0,590.0,539.0,505.0,633.0,521.0,465.0,299.0,181.0,137.0,170.0,130.0,60.0,68.0,81.0,65.0,127.0,76.0,88.0,117.0,104.0,76.0,135.0,117.0,89.0,118.0,71.0,78.0,115.0,98.0,84.0,100.0,96.0,86.0
Petrimonas,6.0,0.0,0.0,0.0,0.0,0.0,0.0,0.0,0.0,0.0,0.0,0.0,0.0,0.0,0.0,0.0,6.0,0.0,0.0,0.0,0.0,0.0,0.0,0.0,0.0,6.0,0.0,0.0,0.0,0.0,0.0,0.0,0.0,0.0,0.0,3.0,0.0,0.0,0.0,0.0,0.0,0.0
Phascolarctobacterium,244.0,251.0,169.0,38.0,30.0,31.0,19.0,16.0,18.0,66.0,48.0,56.0,15.0,12.0,15.0,164.0,120.0,91.0,142.0,110.0,61.0,114.0,113.0,60.0,78.0,80.0,76.0,106.0,68.0,67.0,134.0,68.0,93.0,142.0,93.0,103.0,166.0,154.0,175.0,56.0,70.0,76.0
Pontibaca,0.0,0.0,0.0,0.0,0.0,0.0,0.0,0.0,0.0,0.0,0.0,0.0,0.0,0.0,0.0,6.0,0.0,0.0,0.0,0.0,0.0,9.0,0.0,0.0,0.0,0.0,0.0,0.0,0.0,0.0,0.0,0.0,0.0,0.0,0.0,0.0,0.0,0.0,0.0,0.0,0.0,0.0
Porphyromonas,24.0,11.0,22.0,7.0,6.0,10.0,8.0,0.0,16.0,2.0,5.0,9.0,3.0,9.0,8.0,14.0,26.0,17.0,15.0,17.0,16.0,15.0,17.0,17.0,22.0,22.0,20.0,20.0,21.0,19.0,10.0,24.0,24.0,13.0,17.0,22.0,12.0,21.0,15.0,16.0,11.0,19.0
Prevotella,242.0,283.0,414.0,43.0,48.0,62.0,24.0,29.0,42.0,73.0,114.0,216.0,6.0,17.0,27.0,90.0,78.0,130.0,67.0,92.0,155.0,184.0,251.0,379.0,187.0,303.0,370.0,136.0,247.0,380.0,227.0,247.0,371.0,201.0,290.0,409.0,297.0,282.0,517.0,120.0,178.0,279.0
Prevotellaceae_NK3B31_group,142.0,157.0,149.0,0.0,2.0,0.0,4.0,0.0,0.0,14.0,15.0,25.0,0.0,0.0,3.0,6.0,18.0,20.0,0.0,17.0,11.0,63.0,71.0,132.0,84.0,157.0,169.0,62.0,131.0,165.0,73.0,103.0,157.0,114.0,102.0,185.0,184.0,249.0,252.0,37.0,112.0,75.0
Prevotellaceae_UCG-001,17.0,22.0,29.0,2.0,0.0,0.0,2.0,0.0,0.0,0.0,0.0,5.0,0.0,0.0,0.0,0.0,3.0,0.0,0.0,0.0,0.0,0.0,0.0,3.0,0.0,0.0,0.0,3.0,0.0,2.0,0.0,0.0,0.0,5.0,0.0,0.0,0.0,10.0,8.0,0.0,0.0,0.0
Prevotellaceae_UCG-003,0.0,19.0,17.0,0.0,0.0,5.0,4.0,0.0,4.0,3.0,11.0,7.0,0.0,0.0,0.0,12.0,14.0,15.0,20.0,8.0,15.0,0.0,6.0,24.0,25.0,25.0,14.0,0.0,23.0,29.0,6.0,7.0,14.0,17.0,10.0,24.0,15.0,12.0,48.0,5.0,10.0,28.0
Prevotellaceae_UCG-004,26.0,19.0,28.0,0.0,5.0,7.0,2.0,0.0,4.0,12.0,15.0,20.0,0.0,0.0,0.0,5.0,3.0,8.0,11.0,2.0,5.0,9.0,12.0,11.0,16.0,21.0,17.0,10.0,16.0,25.0,22.0,13.0,22.0,9.0,19.0,13.0,20.0,13.0,36.0,12.0,12.0,12.0
Propionigenium,3.0,0.0,0.0,0.0,0.0,0.0,0.0,0.0,0.0,0.0,0.0,0.0,0.0,0.0,0.0,0.0,0.0,0.0,0.0,0.0,0.0,0.0,0.0,0.0,6.0,0.0,5.0,4.0,0.0,0.0,0.0,0.0,0.0,0.0,0.0,0.0,0.0,0.0,0.0,0.0,0.0,0.0
Propionimicrobium,0.0,0.0,0.0,0.0,0.0,0.0,0.0,0.0,0.0,0.0,0.0,0.0,0.0,0.0,0.0,0.0,0.0,0.0,3.0,0.0,0.0,0.0,4.0,0.0,0.0,8.0,0.0,0.0,3.0,2.0,0.0,0.0,2.0,0.0,0.0,0.0,5.0,0.0,0.0,0.0,0.0,0.0
Proteiniborus,26.0,15.0,10.0,0.0,0.0,0.0,4.0,0.0,0.0,0.0,0.0,0.0,5.0,5.0,0.0,10.0,6.0,0.0,0.0,0.0,0.0,0.0,0.0,0.0,0.0,0.0,0.0,0.0,0.0,0.0,0.0,0.0,0.0,0.0,0.0,0.0,0.0,0.0,0.0,3.0,0.0,0.0
Proteiniclasticum,97.0,84.0,63.0,239.0,159.0,175.0,363.0,232.0,209.0,0.0,0.0,0.0,274.0,285.0,178.0,45.0,28.0,23.0,27.0,17.0,0.0,0.0,7.0,0.0,0.0,7.0,5.0,3.0,4.0,0.0,0.0,0.0,0.0,0.0,0.0,0.0,6.0,10.0,0.0,0.0,0.0,0.0
Proteiniphilum,2013.0,1982.0,1469.0,2252.0,2830.0,2778.0,3939.0,4085.0,3659.0,1726.0,1790.0,1844.0,1303.0,1579.0,1634.0,2211.0,2317.0,1372.0,2138.0,2193.0,1123.0,2057.0,2344.0,1631.0,2379.0,2276.0,2419.0,2174.0,2315.0,2257.0,2540.0,2275.0,2418.0,2812.0,2569.0,2674.0,3015.0,2725.0,3126.0,2279.0,2363.0,2911.0
Proteocatella,0.0,0.0,0.0,6.0,5.0,0.0,4.0,1.0,0.0,0.0,0.0,0.0,0.0,10.0,5.0,0.0,0.0,0.0,0.0,0.0,0.0,0.0,0.0,0.0,0.0,0.0,0.0,0.0,0.0,0.0,0.0,0.0,0.0,0.0,0.0,0.0,0.0,0.0,0.0,0.0,0.0,0.0
Pseudogracilibacillus,0.0,0.0,0.0,483.0,376.0,266.0,250.0,178.0,128.0,0.0,0.0,0.0,66.0,29.0,30.0,0.0,0.0,0.0,0.0,0.0,0.0,0.0,0.0,0.0,0.0,0.0,0.0,0.0,7.0,0.0,0.0,0.0,0.0,0.0,0.0,0.0,0.0,0.0,0.0,0.0,0.0,0.0
Pseudomonas,63.0,65.0,56.0,2654.0,2325.0,2231.0,3057.0,2688.0,2457.0,0.0,15.0,10.0,2873.0,2818.0,2677.0,404.0,394.0,183.0,98.0,96.0,70.0,0.0,0.0,12.0,0.0,8.0,0.0,0.0,19.0,18.0,0.0,24.0,28.0,0.0,0.0,0.0,9.0,26.0,21.0,5.0,9.0,0.0
Psychrobacter,112.0,132.0,153.0,32.0,32.0,31.0,24.0,14.0,17.0,17.0,7.0,20.0,7.0,4.0,11.0,195.0,191.0,154.0,101.0,112.0,100.0,26.0,31.0,16.0,33.0,42.0,26.0,24.0,31.0,46.0,43.0,38.0,31.0,26.0,34.0,40.0,34.0,34.0,47.0,35.0,22.0,39.0
Psychromonas,0.0,0.0,0.0,0.0,0.0,0.0,0.0,0.0,0.0,0.0,0.0,0.0,0.0,0.0,0.0,0.0,0.0,0.0,0.0,0.0,0.0,0.0,0.0,0.0,9.0,0.0,0.0,0.0,0.0,0.0,0.0,0.0,0.0,6.0,0.0,0.0,6.0,0.0,0.0,2.0,0.0,0.0
Pyramidobacter,9.0,0.0,0.0,0.0,0.0,0.0,0.0,0.0,0.0,0.0,3.0,0.0,0.0,0.0,0.0,0.0,0.0,0.0,0.0,0.0,0.0,0.0,0.0,0.0,0.0,0.0,0.0,0.0,0.0,0.0,0.0,0.0,0.0,0.0,0.0,0.0,0.0,4.0,0.0,0.0,0.0,0.0
RF39,6.0,0.0,0.0,0.0,0.0,0.0,0.0,0.0,0.0,0.0,0.0,0.0,0.0,0.0,0.0,0.0,0.0,0.0,0.0,5.0,0.0,0.0,3.0,0.0,0.0,0.0,5.0,0.0,0.0,4.0,0.0,0.0,6.0,4.0,3.0,3.0,0.0,0.0,7.0,8.0,0.0,2.0
Raoultibacter,16.0,11.0,19.0,40.0,64.0,30.0,65.0,53.0,65.0,21.0,13.0,19.0,43.0,37.0,37.0,39.0,39.0,30.0,68.0,47.0,20.0,36.0,35.0,33.0,22.0,23.0,13.0,18.0,16.0,36.0,40.0,31.0,44.0,36.0,24.0,27.0,34.0,28.0,22.0,42.0,29.0,33.0
Rickettsiella,0.0,0.0,0.0,5.0,2.0,0.0,0.0,5.0,5.0,0.0,0.0,0.0,0.0,5.0,2.0,3.0,6.0,6.0,7.0,8.0,6.0,3.0,0.0,6.0,0.0,0.0,5.0,4.0,3.0,0.0,4.0,4.0,5.0,10.0,3.0,10.0,0.0,7.0,0.0,0.0,5.0,0.0
Rikenellaceae_RC9_gut_group,598.0,643.0,610.0,240.0,296.0,336.0,187.0,167.0,260.0,464.0,497.0,574.0,83.0,72.0,106.0,484.0,499.0,376.0,394.0,374.0,351.0,507.0,611.0,645.0,488.0,588.0,678.0,485.0,522.0,692.0,533.0,489.0,695.0,593.0,631.0,740.0,782.0,758.0,875.0,438.0,494.0,569.0
Romboutsia,1198.0,1044.0,606.0,1622.0,1180.0,942.0,1129.0,804.0,628.0,1549.0,1509.0,1158.0,1165.0,929.0,808.0,1330.0,1037.0,499.0,1708.0,1424.0,518.0,2038.0,1762.0,918.0,1956.0,1358.0,1225.0,2139.0,1536.0,1446.0,2219.0,1384.0,1473.0,2119.0,1369.0,1362.0,2023.0,1482.0,1499.0,2596.0,1997.0,2194.0
Roseburia,0.0,0.0,0.0,0.0,0.0,0.0,0.0,0.0,0.0,0.0,0.0,0.0,9.0,0.0,0.0,0.0,0.0,0.0,0.0,0.0,0.0,0.0,0.0,0.0,0.0,0.0,0.0,0.0,0.0,0.0,0.0,0.0,0.0,0.0,0.0,0.0,0.0,0.0,20.0,0.0,0.0,0.0
Roseimaritima,0.0,0.0,0.0,0.0,0.0,0.0,0.0,0.0,0.0,0.0,0.0,0.0,0.0,0.0,0.0,0.0,0.0,0.0,0.0,0.0,0.0,0.0,0.0,0.0,0.0,0.0,0.0,0.0,0.0,0.0,0.0,14.0,0.0,0.0,0.0,0.0,0.0,4.0,0.0,0.0,0.0,0.0
Roseovarius,0.0,0.0,0.0,0.0,0.0,0.0,0.0,0.0,0.0,0.0,5.0,0.0,2.0,0.0,0.0,0.0,0.0,0.0,0.0,0.0,0.0,0.0,0.0,0.0,0.0,0.0,0.0,0.0,3.0,0.0,0.0,0.0,0.0,0.0,0.0,0.0,0.0,0.0,0.0,0.0,0.0,0.0
RumEn_M2,21.0,33.0,87.0,0.0,14.0,49.0,11.0,12.0,62.0,23.0,17.0,79.0,5.0,13.0,21.0,0.0,7.0,19.0,0.0,0.0,9.0,0.0,0.0,0.0,0.0,0.0,10.0,0.0,0.0,7.0,0.0,4.0,5.0,0.0,0.0,0.0,0.0,7.0,19.0,0.0,0.0,0.0
Ruminococcus,20.0,25.0,16.0,96.0,78.0,76.0,130.0,116.0,126.0,22.0,24.0,18.0,133.0,128.0,107.0,8.0,6.0,0.0,17.0,2.0,5.0,19.0,36.0,9.0,25.0,20.0,22.0,22.0,31.0,13.0,53.0,27.0,25.0,35.0,24.0,31.0,34.0,22.0,22.0,32.0,12.0,16.0
Rummeliibacillus,0.0,0.0,6.0,0.0,0.0,7.0,0.0,0.0,0.0,8341.0,7709.0,6115.0,0.0,0.0,0.0,7.0,4.0,6.0,0.0,0.0,0.0,0.0,0.0,9.0,0.0,13.0,0.0,0.0,10.0,0.0,0.0,8.0,0.0,0.0,72.0,55.0,0.0,10.0,0.0,0.0,11.0,0.0
S5-A14a,21.0,23.0,20.0,0.0,0.0,0.0,0.0,0.0,0.0,0.0,0.0,0.0,0.0,0.0,0.0,17.0,23.0,19.0,15.0,13.0,7.0,0.0,0.0,0.0,0.0,0.0,0.0,0.0,0.0,0.0,0.0,0.0,0.0,0.0,0.0,0.0,0.0,0.0,0.0,0.0,0.0,0.0
SAR324_clade(Marine_group_B),0.0,0.0,0.0,0.0,0.0,0.0,0.0,0.0,0.0,0.0,2.0,2.0,0.0,0.0,0.0,0.0,0.0,0.0,2.0,0.0,0.0,0.0,0.0,0.0,0.0,0.0,0.0,0.0,0.0,0.0,0.0,0.0,0.0,2.0,0.0,0.0,0.0,3.0,0.0,2.0,0.0,0.0
SRB2,4.0,3.0,0.0,0.0,0.0,0.0,0.0,0.0,4.0,0.0,0.0,0.0,0.0,6.0,5.0,2.0,0.0,0.0,5.0,0.0,0.0,0.0,0.0,0.0,0.0,0.0,0.0,0.0,0.0,0.0,0.0,0.0,0.0,0.0,0.0,0.0,0.0,0.0,0.0,0.0,0.0,0.0
Sanguibacteroides,21.0,17.0,17.0,5.0,9.0,5.0,8.0,6.0,5.0,7.0,6.0,13.0,3.0,8.0,5.0,15.0,19.0,11.0,15.0,0.0,11.0,17.0,12.0,19.0,9.0,23.0,37.0,25.0,18.0,25.0,16.0,15.0,7.0,29.0,24.0,16.0,20.0,34.0,34.0,9.0,9.0,16.0
Sarcina,28.0,44.0,18.0,28.0,27.0,18.0,26.0,19.0,13.0,23.0,27.0,20.0,27.0,13.0,8.0,42.0,26.0,17.0,42.0,52.0,17.0,42.0,45.0,29.0,63.0,50.0,30.0,60.0,35.0,38.0,60.0,34.0,36.0,68.0,43.0,42.0,65.0,47.0,41.0,91.0,58.0,67.0
Savagea,8.0,0.0,0.0,6781.0,5108.0,3806.0,4392.0,3785.0,2584.0,0.0,0.0,8.0,791.0,638.0,460.0,22.0,6.0,15.0,13.0,21.0,9.0,42.0,23.0,12.0,34.0,42.0,26.0,30.0,74.0,50.0,19.0,87.0,70.0,28.0,31.0,10.0,20.0,38.0,23.0,14.0,37.0,13.0
Sedimentibacter,139.0,107.0,67.0,58.0,44.0,42.0,55.0,63.0,49.0,0.0,0.0,0.0,64.0,46.0,46.0,87.0,74.0,50.0,71.0,64.0,15.0,0.0,0.0,0.0,0.0,6.0,0.0,0.0,0.0,0.0,0.0,0.0,6.0,0.0,4.0,3.0,2.0,0.0,0.0,0.0,4.0,5.0
Senegalimassilia,7.0,0.0,0.0,0.0,0.0,0.0,0.0,0.0,0.0,0.0,0.0,0.0,3.0,0.0,0.0,4.0,8.0,0.0,6.0,0.0,4.0,0.0,0.0,0.0,5.0,0.0,5.0,6.0,7.0,6.0,5.0,10.0,0.0,0.0,5.0,0.0,0.0,0.0,4.0,5.0,0.0,3.0
Shuttleworthia,5.0,7.0,3.0,0.0,3.0,0.0,0.0,0.0,0.0,0.0,0.0,0.0,0.0,0.0,0.0,0.0,0.0,0.0,0.0,0.0,0.0,0.0,0.0,0.0,0.0,0.0,0.0,0.0,0.0,0.0,0.0,0.0,0.0,0.0,0.0,0.0,7.0,0.0,0.0,0.0,0.0,0.0
Slackia,0.0,0.0,0.0,0.0,0.0,0.0,0.0,0.0,0.0,0.0,0.0,0.0,0.0,0.0,0.0,3.0,5.0,3.0,3.0,3.0,0.0,0.0,3.0,0.0,0.0,3.0,0.0,5.0,5.0,7.0,7.0,3.0,0.0,0.0,0.0,3.0,0.0,0.0,3.0,3.0,0.0,3.0
Soehngenia,0.0,0.0,0.0,43.0,17.0,21.0,53.0,50.0,37.0,0.0,0.0,0.0,56.0,30.0,37.0,0.0,0.0,0.0,5.0,0.0,0.0,0.0,0.0,0.0,0.0,0.0,0.0,0.0,0.0,0.0,0.0,0.0,0.0,0.0,0.0,0.0,0.0,0.0,0.0,0.0,0.0,0.0
Solibacillus,0.0,0.0,0.0,8.0,6.0,0.0,382.0,374.0,227.0,0.0,0.0,0.0,645.0,545.0,393.0,0.0,0.0,0.0,0.0,0.0,0.0,0.0,0.0,0.0,5.0,0.0,0.0,14.0,0.0,0.0,15.0,13.0,4.0,16.0,0.0,7.0,19.0,7.0,15.0,18.0,6.0,6.0
Solobacterium,83.0,47.0,52.0,52.0,43.0,37.0,40.0,44.0,36.0,40.0,52.0,25.0,21.0,11.0,16.0,75.0,82.0,31.0,71.0,71.0,33.0,89.0,78.0,47.0,53.0,62.0,70.0,66.0,64.0,51.0,68.0,49.0,72.0,84.0,59.0,70.0,79.0,56.0,71.0,68.0,59.0,80.0
Sphaerochaeta,4784.0,5964.0,4991.0,2783.0,3884.0,3927.0,2187.0,3083.0,3035.0,2601.0,4178.0,4578.0,1904.0,2711.0,3081.0,2477.0,3796.0,2919.0,1248.0,1911.0,1740.0,930.0,1405.0,1375.0,620.0,1296.0,1699.0,590.0,1114.0,1408.0,738.0,1183.0,1764.0,1107.0,1745.0,2318.0,3772.0,5053.0,5576.0,1133.0,1975.0,2367.0
Sporosarcina,0.0,0.0,0.0,67.0,53.0,39.0,0.0,0.0,0.0,0.0,0.0,0.0,56.0,51.0,34.0,0.0,0.0,0.0,0.0,0.0,0.0,0.0,0.0,0.0,0.0,0.0,0.0,0.0,0.0,0.0,0.0,0.0,0.0,0.0,0.0,0.0,0.0,0.0,0.0,0.0,0.0,0.0
Staphylococcus,0.0,0.0,0.0,0.0,0.0,0.0,0.0,0.0,0.0,0.0,0.0,0.0,0.0,0.0,0.0,0.0,0.0,1.0,9.0,0.0,0.0,0.0,0.0,0.0,6.0,0.0,0.0,0.0,0.0,0.0,0.0,0.0,5.0,5.0,0.0,0.0,0.0,0.0,5.0,10.0,0.0,0.0
Stenotrophomonas,0.0,0.0,0.0,0.0,0.0,0.0,0.0,0.0,0.0,0.0,0.0,0.0,0.0,0.0,0.0,0.0,0.0,0.0,0.0,9.0,0.0,0.0,5.0,0.0,0.0,0.0,0.0,0.0,0.0,0.0,0.0,0.0,0.0,0.0,0.0,0.0,0.0,0.0,0.0,0.0,0.0,0.0
Streptococcus,1967.0,1862.0,1206.0,411.0,297.0,275.0,225.0,143.0,159.0,334.0,243.0,257.0,148.0,126.0,121.0,2528.0,2180.0,1003.0,2877.0,2751.0,954.0,3801.0,3421.0,1626.0,3366.0,2570.0,2351.0,3609.0,2996.0,2513.0,3822.0,2758.0,2891.0,3633.0,2628.0,2526.0,3643.0,2624.0,2772.0,3991.0,3327.0,3388.0
Subdoligranulum,222.0,170.0,134.0,39.0,35.0,32.0,34.0,24.0,22.0,35.0,34.0,39.0,22.0,29.0,13.0,109.0,58.0,40.0,100.0,82.0,53.0,97.0,77.0,55.0,58.0,65.0,42.0,87.0,67.0,76.0,139.0,76.0,79.0,107.0,58.0,75.0,113.0,76.0,52.0,90.0,93.0,100.0
Succinivibrio,125.0,112.0,126.0,37.0,17.0,36.0,19.0,0.0,19.0,49.0,59.0,76.0,8.0,9.0,0.0,104.0,105.0,85.0,124.0,132.0,81.0,114.0,143.0,111.0,140.0,115.0,166.0,131.0,129.0,137.0,142.0,90.0,143.0,175.0,147.0,177.0,160.0,164.0,174.0,106.0,120.0,118.0
Succinivibrionaceae_UCG-001,5.0,0.0,5.0,0.0,0.0,0.0,0.0,0.0,0.0,0.0,0.0,0.0,0.0,0.0,0.0,0.0,2.0,0.0,0.0,0.0,0.0,0.0,0.0,0.0,0.0,0.0,0.0,0.0,0.0,0.0,0.0,0.0,0.0,0.0,0.0,0.0,0.0,0.0,0.0,0.0,0.0,0.0
Syntrophaceticus,11.0,7.0,4.0,6.0,0.0,0.0,10.0,6.0,0.0,0.0,0.0,3.0,6.0,8.0,5.0,16.0,11.0,17.0,11.0,5.0,8.0,4.0,0.0,3.0,3.0,3.0,0.0,0.0,0.0,0.0,0.0,3.0,7.0,0.0,6.0,5.0,3.0,0.0,9.0,7.0,0.0,4.0
Syntrophococcus,3.0,0.0,0.0,0.0,0.0,0.0,0.0,0.0,0.0,0.0,3.0,0.0,0.0,0.0,0.0,0.0,0.0,0.0,0.0,0.0,0.0,0.0,0.0,0.0,0.0,3.0,3.0,0.0,0.0,0.0,0.0,0.0,0.0,0.0,0.0,0.0,0.0,0.0,7.0,0.0,0.0,0.0
TM7a,0.0,0.0,0.0,0.0,0.0,0.0,0.0,0.0,0.0,0.0,0.0,0.0,0.0,0.0,0.0,3.0,0.0,3.0,0.0,0.0,0.0,6.0,0.0,0.0,0.0,0.0,0.0,0.0,0.0,0.0,0.0,0.0,0.0,0.0,0.0,0.0,0.0,0.0,0.0,0.0,0.0,4.0
Tepidimicrobium,135.0,70.0,74.0,37.0,27.0,23.0,70.0,87.0,39.0,0.0,0.0,0.0,96.0,63.0,57.0,222.0,166.0,83.0,105.0,100.0,24.0,2.0,0.0,0.0,0.0,0.0,0.0,0.0,0.0,0.0,4.0,0.0,0.0,0.0,5.0,0.0,0.0,0.0,0.0,5.0,0.0,0.0
Terrisporobacter,2585.0,2093.0,1393.0,3972.0,2708.0,2119.0,2527.0,2026.0,1507.0,3463.0,3058.0,2627.0,2828.0,2178.0,1815.0,2992.0,2659.0,1228.0,3949.0,3575.0,1316.0,5112.0,4540.0,2322.0,4885.0,3447.0,3143.0,5262.0,3869.0,3530.0,5274.0,3468.0,3754.0,4996.0,3409.0,3250.0,5106.0,3452.0,3553.0,6397.0,5037.0,5152.0
Thiopseudomonas,0.0,0.0,0.0,0.0,0.0,0.0,0.0,0.0,0.0,0.0,0.0,0.0,0.0,0.0,0.0,196.0,182.0,117.0,38.0,32.0,24.0,0.0,0.0,0.0,0.0,0.0,0.0,0.0,0.0,0.0,0.0,0.0,0.0,0.0,0.0,0.0,0.0,0.0,0.0,0.0,0.0,0.0
Tissierella,970.0,829.0,539.0,799.0,639.0,491.0,1222.0,924.0,672.0,194.0,154.0,139.0,1111.0,855.0,677.0,664.0,565.0,275.0,592.0,499.0,187.0,554.0,448.0,256.0,584.0,397.0,309.0,562.0,391.0,405.0,538.0,344.0,376.0,511.0,327.0,298.0,576.0,355.0,433.0,602.0,502.0,527.0
Treponema,1006.0,858.0,931.0,353.0,403.0,615.0,621.0,596.0,883.0,599.0,454.0,686.0,382.0,397.0,634.0,353.0,277.0,341.0,338.0,365.0,404.0,612.0,684.0,841.0,555.0,565.0,820.0,377.0,584.0,747.0,532.0,521.0,783.0,545.0,579.0,861.0,741.0,824.0,981.0,484.0,614.0,711.0
Trichococcus,400.0,323.0,221.0,343.0,227.0,207.0,305.0,245.0,187.0,200.0,193.0,171.0,409.0,329.0,274.0,706.0,537.0,263.0,687.0,538.0,191.0,804.0,660.0,331.0,746.0,485.0,513.0,722.0,491.0,536.0,822.0,536.0,652.0,770.0,485.0,499.0,637.0,470.0,497.0,760.0,579.0,626.0
Truepera,0.0,0.0,0.0,0.0,0.0,0.0,0.0,0.0,6.0,0.0,0.0,0.0,0.0,0.0,0.0,4.0,0.0,0.0,0.0,0.0,4.0,0.0,4.0,0.0,0.0,0.0,0.0,6.0,0.0,0.0,0.0,0.0,0.0,9.0,0.0,7.0,0.0,3.0,2.0,0.0,0.0,4.0
Trueperella,15.0,8.0,16.0,29.0,25.0,9.0,17.0,8.0,0.0,14.0,4.0,6.0,14.0,14.0,10.0,10.0,9.0,17.0,20.0,25.0,0.0,21.0,18.0,14.0,23.0,15.0,0.0,25.0,10.0,17.0,26.0,23.0,24.0,19.0,10.0,9.0,16.0,6.0,9.0,26.0,30.0,30.0
Turicibacter,1424.0,1200.0,726.0,1742.0,1219.0,932.0,1078.0,874.0,660.0,1619.0,1550.0,1172.0,967.0,781.0,615.0,1210.0,1054.0,510.0,1764.0,1469.0,512.0,2552.0,2375.0,1049.0,2377.0,1583.0,1603.0,2425.0,1948.0,1690.0,2444.0,1642.0,1922.0,2284.0,1530.0,1607.0,2212.0,1595.0,1743.0,3266.0,2744.0,2823.0
UCG-002,86.0,53.0,44.0,23.0,27.0,24.0,20.0,11.0,17.0,13.0,22.0,25.0,19.0,0.0,14.0,27.0,16.0,12.0,17.0,10.0,3.0,16.0,20.0,13.0,17.0,0.0,19.0,38.0,26.0,19.0,17.0,6.0,21.0,0.0,8.0,9.0,63.0,77.0,108.0,24.0,32.0,28.0
UCG-004,863.0,783.0,736.0,622.0,492.0,576.0,415.0,349.0,427.0,628.0,675.0,842.0,280.0,226.0,305.0,248.0,231.0,173.0,210.0,175.0,117.0,49.0,55.0,43.0,38.0,65.0,76.0,21.0,42.0,66.0,48.0,56.0,70.0,64.0,46.0,83.0,494.0,370.0,530.0,112.0,90.0,196.0
UCG-005,334.0,291.0,180.0,72.0,60.0,79.0,47.0,35.0,47.0,111.0,75.0,102.0,43.0,36.0,43.0,21.0,35.0,14.0,0.0,10.0,12.0,10.0,10.0,0.0,22.0,0.0,13.0,32.0,12.0,0.0,14.0,21.0,17.0,10.0,9.0,0.0,106.0,62.0,51.0,7.0,28.0,17.0
UCG-008,60.0,53.0,35.0,8.0,6.0,0.0,3.0,0.0,0.0,0.0,0.0,0.0,10.0,0.0,0.0,7.0,12.0,6.0,19.0,18.0,5.0,15.0,12.0,7.0,12.0,10.0,11.0,14.0,9.0,7.0,10.0,16.0,17.0,11.0,16.0,10.0,10.0,7.0,10.0,15.0,10.0,21.0
UCG-010,51.0,51.0,29.0,49.0,23.0,20.0,19.0,19.0,7.0,31.0,51.0,34.0,18.0,26.0,13.0,18.0,13.0,4.0,8.0,8.0,5.0,2.0,20.0,17.0,13.0,9.0,3.0,4.0,7.0,13.0,5.0,7.0,7.0,15.0,0.0,6.0,34.0,32.0,21.0,23.0,7.0,9.0
UCG-012,0.0,0.0,0.0,77.0,54.0,51.0,192.0,155.0,100.0,0.0,0.0,0.0,63.0,49.0,57.0,0.0,0.0,0.0,0.0,0.0,0.0,0.0,0.0,0.0,0.0,0.0,0.0,0.0,0.0,0.0,0.0,0.0,4.0,0.0,0.0,0.0,0.0,0.0,0.0,0.0,0.0,0.0
Ulvibacter,5.0,0.0,0.0,0.0,3.0,3.0,0.0,4.0,0.0,0.0,5.0,0.0,0.0,0.0,0.0,0.0,0.0,0.0,5.0,0.0,0.0,4.0,0.0,0.0,0.0,2.0,0.0,0.0,0.0,6.0,0.0,0.0,7.0,5.0,8.0,8.0,0.0,0.0,3.0,0.0,4.0,0.0
Unassigned,1.0,2.0,3.0,15.0,16.0,17.0,15.0,16.0,17.0,15.0,16.0,17.0,15.0,16.0,17.0,4.0,5.0,6.0,4.0,5.0,6.0,4.0,5.0,6.0,4.0,5.0,6.0,4.0,5.0,6.0,4.0,5.0,6.0,4.0,5.0,6.0,4.0,5.0,6.0,4.0,5.0,6.0
Unidentified,1463.0,1363.0,1234.0,1753.0,1533.0,1417.0,2934.0,2424.0,2072.0,1020.0,974.0,1168.0,12327.0,10426.0,8065.0,1980.0,1870.0,1383.0,1455.0,1380.0,995.0,1257.0,1365.0,1028.0,1152.0,943.0,1406.0,1044.0,1006.0,1269.0,1354.0,1149.0,1574.0,1586.0,1346.0,1796.0,1674.0,1506.0,1966.0,1239.0,1147.0,1522.0
Vagococcus,42.0,31.0,18.0,0.0,0.0,0.0,0.0,0.0,0.0,0.0,0.0,0.0,0.0,0.0,0.0,0.0,20.0,0.0,0.0,13.0,0.0,0.0,0.0,0.0,0.0,0.0,0.0,12.0,0.0,0.0,22.0,0.0,7.0,0.0,0.0,12.0,0.0,0.0,0.0,18.0,0.0,0.0
Victivallaceae,4.0,5.0,0.0,0.0,0.0,0.0,0.0,0.0,0.0,4.0,0.0,0.0,0.0,0.0,0.0,0.0,0.0,2.0,0.0,0.0,0.0,0.0,3.0,0.0,0.0,0.0,0.0,0.0,0.0,5.0,4.0,0.0,2.0,0.0,0.0,0.0,0.0,0.0,0.0,0.0,0.0,0.0
Victivallis,0.0,0.0,0.0,0.0,0.0,0.0,4.0,0.0,0.0,0.0,0.0,0.0,0.0,0.0,0.0,0.0,0.0,0.0,0.0,0.0,0.0,0.0,0.0,0.0,0.0,0.0,0.0,4.0,0.0,0.0,0.0,0.0,0.0,0.0,0.0,0.0,7.0,0.0,0.0,0.0,0.0,0.0
W5053,698.0,610.0,408.0,354.0,263.0,246.0,375.0,316.0,261.0,342.0,330.0,296.0,399.0,375.0,320.0,886.0,777.0,470.0,865.0,844.0,347.0,1044.0,981.0,548.0,774.0,723.0,631.0,712.0,609.0,639.0,996.0,780.0,859.0,949.0,675.0,734.0,958.0,763.0,866.0,970.0,834.0,971.0
WCHB1-41,458.0,494.0,506.0,31.0,46.0,49.0,18.0,10.0,18.0,101.0,124.0,171.0,2.0,13.0,21.0,35.0,65.0,50.0,60.0,45.0,30.0,40.0,64.0,54.0,60.0,90.0,97.0,48.0,62.0,101.0,49.0,69.0,90.0,67.0,46.0,101.0,139.0,189.0,247.0,66.0,73.0,94.0
Weissella,81.0,74.0,81.0,366.0,422.0,436.0,128.0,141.0,174.0,62.0,53.0,63.0,35.0,24.0,32.0,166.0,183.0,131.0,139.0,173.0,93.0,147.0,171.0,98.0,167.0,129.0,167.0,188.0,166.0,174.0,218.0,160.0,194.0,153.0,161.0,186.0,129.0,106.0,166.0,159.0,157.0,189.0
Yaniella,20.0,0.0,0.0,587.0,433.0,357.0,1118.0,898.0,622.0,0.0,0.0,0.0,1821.0,1428.0,1351.0,35.0,0.0,20.0,36.0,0.0,13.0,36.0,10.0,17.0,20.0,0.0,0.0,31.0,27.0,12.0,19.0,15.0,31.0,0.0,18.0,0.0,18.0,34.0,15.0,37.0,35.0,26.0
[Anaerorhabdus]_furcosa_group,5.0,6.0,3.0,8.0,0.0,0.0,4.0,0.0,3.0,2.0,0.0,4.0,0.0,0.0,2.0,0.0,0.0,0.0,4.0,7.0,0.0,5.0,6.0,0.0,0.0,0.0,0.0,0.0,0.0,0.0,0.0,0.0,0.0,2.0,0.0,5.0,5.0,0.0,10.0,4.0,3.0,10.0
[Clostridium]_methylpentosum_group,0.0,0.0,0.0,0.0,0.0,0.0,0.0,0.0,0.0,0.0,0.0,0.0,0.0,0.0,4.0,0.0,0.0,0.0,0.0,3.0,0.0,4.0,0.0,6.0,4.0,0.0,0.0,0.0,6.0,0.0,3.0,0.0,0.0,0.0,8.0,4.0,5.0,0.0,2.0,0.0,0.0,0.0
[Eubacterium]_coprostanoligenes_group,31.0,23.0,0.0,0.0,4.0,3.0,15.0,18.0,5.0,12.0,0.0,12.0,10.0,12.0,4.0,11.0,10.0,5.0,20.0,13.0,5.0,23.0,14.0,4.0,12.0,0.0,12.0,21.0,9.0,0.0,12.0,12.0,13.0,28.0,16.0,17.0,0.0,14.0,7.0,20.0,25.0,2.0
[Eubacterium]_eligens_group,9.0,0.0,7.0,0.0,0.0,0.0,0.0,0.0,0.0,10.0,0.0,0.0,0.0,0.0,0.0,6.0,0.0,0.0,9.0,9.0,0.0,7.0,6.0,0.0,5.0,6.0,10.0,0.0,5.0,0.0,10.0,0.0,0.0,0.0,0.0,0.0,0.0,14.0,7.0,0.0,16.0,0.0
[Eubacterium]_hallii_group,37.0,35.0,27.0,8.0,13.0,8.0,0.0,7.0,8.0,10.0,23.0,9.0,7.0,0.0,0.0,52.0,53.0,33.0,100.0,123.0,26.0,142.0,132.0,79.0,104.0,56.0,84.0,120.0,101.0,90.0,162.0,72.0,107.0,115.0,76.0,129.0,94.0,102.0,116.0,104.0,73.0,79.0
[Eubacterium]_nodatum_group,0.0,0.0,0.0,0.0,5.0,0.0,0.0,0.0,0.0,4.0,0.0,0.0,7.0,4.0,0.0,3.0,4.0,5.0,4.0,3.0,0.0,3.0,6.0,0.0,2.0,0.0,3.0,0.0,2.0,2.0,3.0,13.0,0.0,5.0,0.0,0.0,0.0,3.0,0.0,0.0,0.0,0.0
[Eubacterium]_siraeum_group,0.0,0.0,3.0,0.0,5.0,0.0,0.0,0.0,0.0,0.0,3.0,5.0,0.0,0.0,0.0,0.0,0.0,0.0,0.0,0.0,0.0,8.0,0.0,0.0,0.0,0.0,0.0,9.0,0.0,5.0,0.0,0.0,9.0,0.0,0.0,0.0,0.0,2.0,0.0,0.0,3.0,5.0
[Eubacterium]_ventriosum_group,56.0,35.0,44.0,0.0,0.0,6.0,0.0,0.0,0.0,0.0,0.0,0.0,435.0,293.0,322.0,69.0,38.0,34.0,47.0,30.0,15.0,0.0,0.0,0.0,0.0,0.0,0.0,0.0,0.0,0.0,0.0,0.0,0.0,0.0,0.0,0.0,13.0,7.0,12.0,0.0,7.0,7.0
[Ruminococcus]_gauvreauii_group,17.0,25.0,11.0,8.0,0.0,0.0,0.0,0.0,10.0,8.0,0.0,0.0,0.0,0.0,0.0,0.0,0.0,0.0,8.0,8.0,0.0,23.0,8.0,0.0,33.0,8.0,0.0,0.0,0.0,10.0,26.0,9.0,6.0,20.0,11.0,14.0,32.0,19.0,22.0,18.0,20.0,0.0
[Ruminococcus]_torques_group,8.0,6.0,10.0,0.0,0.0,0.0,0.0,0.0,0.0,0.0,0.0,0.0,0.0,0.0,0.0,18.0,11.0,0.0,18.0,12.0,6.0,10.0,16.0,12.0,20.0,5.0,6.0,0.0,7.0,7.0,12.0,12.0,13.0,11.0,11.0,7.0,0.0,0.0,10.0,10.0,9.0,6.0
dgA-11_gut_group,68.0,78.0,58.0,17.0,17.0,45.0,16.0,20.0,22.0,40.0,39.0,38.0,0.0,4.0,19.0,24.0,18.0,9.0,34.0,33.0,23.0,70.0,81.0,73.0,66.0,59.0,94.0,55.0,68.0,76.0,48.0,62.0,75.0,47.0,55.0,62.0,63.0,89.0,67.0,38.0,53.0,46.0
p-1088-a5_gut_group,165.0,193.0,380.0,29.0,48.0,78.0,27.0,63.0,82.0,54.0,92.0,182.0,10.0,24.0,54.0,181.0,230.0,490.0,168.0,275.0,643.0,257.0,398.0,781.0,225.0,442.0,742.0,220.0,467.0,580.0,248.0,434.0,675.0,206.0,396.0,537.0,145.0,277.0,314.0,194.0,306.0,383.0
p-251-o5,40.0,35.0,25.0,5.0,0.0,8.0,2.0,4.0,0.0,11.0,5.0,8.0,0.0,0.0,2.0,5.0,3.0,7.0,4.0,7.0,0.0,22.0,10.0,13.0,9.0,0.0,11.0,0.0,7.0,18.0,12.0,16.0,0.0,11.0,0.0,14.0,28.0,32.0,43.0,24.0,8.0,16.0
p-2534-18B5_gut_group,28.0,25.0,55.0,6.0,11.0,8.0,3.0,10.0,8.0,3.0,13.0,28.0,0.0,0.0,0.0,18.0,7.0,20.0,16.0,25.0,13.0,40.0,47.0,59.0,28.0,31.0,42.0,28.0,34.0,32.0,29.0,42.0,42.0,24.0,32.0,52.0,41.0,48.0,46.0,19.0,35.0,41.0
uncultured,625.0,736.0,604.0,768.0,677.0,862.0,1363.0,1353.0,1356.0,325.0,333.0,427.0,11011.0,11047.0,9851.0,588.0,524.0,324.0,515.0,405.0,285.0,402.0,400.0,327.0,412.0,324.0,397.0,418.0,394.0,482.0,403.0,340.0,466.0,444.0,407.0,454.0,603.0,577.0,676.0,421.0,301.0,440.0
vadinBE97,0.0,7.0,6.0,0.0,0.0,2.0,0.0,0.0,0.0,0.0,0.0,4.0,0.0,0.0,0.0,0.0,0.0,0.0,0.0,0.0,0.0,1.0,0.0,4.0,0.0,0.0,3.0,4.0,0.0,0.0,0.0,0.0,0.0,0.0,0.0,0.0,0.0,0.0,0.0,0.0,0.0,7.0
